weather_condition,phase_of_flight,aircraft_damage,number_of_engines,fatal_injuries,serious_injuries,minor_injuries,uninjured,emergency_type,severity_score,risk_level,atc_action,response_time_minutes
Fog,Taxi,Minor,2,0,0,0,140,Medical Emergency,54.0,Medium,Continue Monitoring,17.7
VMC,Cruise,None,2,0,0,0,163,Near Collision,52.0,Medium,Go Around,17.0
Windy,Taxi,None,2,0,0,2,184,Runway Incursion,43.0,Medium,Continue Monitoring,11.2
Rain,Approach,Substantial,3,0,0,1,42,Engine Failure,95.0,Critical,Priority Landing,19.3
VMC,Cruise,Substantial,1,0,0,1,176,Fuel Low,71.0,High,Holding Pattern,18.9
Storm,Takeoff,Substantial,2,1,1,2,185,Bird Strike,100.0,Critical,Priority Landing,24.0
Fog,Approach,Minor,2,0,1,3,83,Runway Incursion,74.5,High,Runway Change,21.5
Fog,Approach,None,2,0,0,1,91,Near Collision,77.5,High,Go Around,24.6
VMC,Taxi,None,2,0,0,1,156,Near Collision,50.5,Medium,Go Around,12.1
IMC,Landing,None,2,0,0,2,107,Near Collision,80.0,Critical,Priority Landing,21.2
VMC,Takeoff,Minor,2,0,0,0,234,Cabin Pressure Failure,70.0,High,Emergency Descent,17.6
Windy,Approach,Minor,1,0,1,3,42,Runway Incursion,72.0,High,Runway Change,17.7
Rain,Landing,None,2,0,0,0,58,Bird Strike,60.0,High,Runway Change,15.0
Fog,Cruise,Substantial,2,0,1,1,206,Near Collision,100.0,Critical,Priority Landing,27.1
VMC,Cruise,None,2,0,1,0,176,Runway Incursion,34.0,Medium,Continue Monitoring,13.1
VMC,Landing,None,2,0,1,2,217,Bird Strike,54.0,Medium,Continue Monitoring,15.1
IMC,Approach,None,2,0,1,1,25,Near Collision,77.5,High,Go Around,19.3
VMC,Landing,Substantial,4,0,0,1,50,Engine Failure,85.5,Critical,Priority Landing,18.5
Fog,Cruise,Substantial,2,0,2,1,212,Bird Strike,91.5,Critical,Priority Landing,23.7
Rain,Climb,Minor,1,1,0,1,206,Medical Emergency,69.0,High,Holding Pattern,16.8
Fog,Approach,Destroyed,1,0,1,2,209,Landing Gear Issue,100.0,Critical,Priority Landing,22.3
VMC,Taxi,Substantial,4,0,0,2,226,Fuel Low,65.0,High,Runway Change,15.2
Storm,Approach,Substantial,2,0,0,3,73,Medical Emergency,94.5,Critical,Priority Landing,22.5
Windy,Landing,Substantial,2,0,0,1,42,Runway Incursion,86.5,Critical,Priority Landing,20.1
Fog,Takeoff,None,2,1,0,0,88,Runway Incursion,66.0,High,Runway Change,20.2
VMC,Taxi,Substantial,2,0,1,1,249,Near Collision,84.5,Critical,Priority Landing,18.8
IMC,Climb,Minor,2,0,2,1,138,Engine Failure,83.5,Critical,Priority Landing,21.0
VMC,Taxi,Minor,2,0,1,0,21,Runway Incursion,43.0,Medium,Continue Monitoring,10.7
VMC,Cruise,None,4,2,1,2,191,Fuel Low,60.0,High,Holding Pattern,17.7
Rain,Taxi,Minor,2,0,0,1,213,Cabin Pressure Failure,71.5,High,Emergency Descent,17.1
Rain,Taxi,Destroyed,2,0,0,0,48,Near Collision,100.0,Critical,Priority Landing,18.9
Storm,Landing,None,2,0,1,3,148,Fuel Low,83.5,Critical,Priority Landing,22.1
VMC,Taxi,Destroyed,4,0,1,2,191,Near Collision,98.0,Critical,Priority Landing,19.7
VMC,Approach,None,2,1,1,0,240,Cabin Pressure Failure,68.0,High,Emergency Descent,14.6
IMC,Taxi,None,2,0,0,0,159,Bird Strike,45.0,Medium,Continue Monitoring,18.2
VMC,Climb,None,2,0,0,2,97,Bird Strike,42.0,Medium,Continue Monitoring,12.9
VMC,Takeoff,Substantial,2,0,0,0,229,Runway Incursion,70.0,High,Runway Change,16.5
IMC,Approach,Minor,2,0,1,0,102,Engine Failure,81.0,Critical,Priority Landing,24.3
VMC,Landing,None,2,0,0,3,165,Medical Emergency,44.5,Medium,Continue Monitoring,10.8
Rain,Landing,Minor,3,0,0,0,213,Medical Emergency,63.5,High,Runway Change,15.2
VMC,Approach,None,4,1,0,1,141,Medical Emergency,42.5,Medium,Continue Monitoring,11.9
Fog,Approach,None,4,0,1,0,183,Medical Emergency,53.0,Medium,Continue Monitoring,17.7
Rain,Approach,Substantial,2,0,2,2,213,Landing Gear Issue,91.0,Critical,Priority Landing,17.9
VMC,Taxi,Minor,2,0,0,3,158,Engine Failure,58.5,High,Runway Change,14.7
Fog,Taxi,Substantial,2,0,1,0,116,Landing Gear Issue,78.0,High,Runway Change,24.8
Fog,Takeoff,Minor,2,1,0,1,168,Near Collision,100.0,Critical,Priority Landing,22.9
VMC,Approach,Destroyed,2,0,0,0,112,Landing Gear Issue,82.0,Critical,Priority Landing,20.5
VMC,Cruise,None,2,0,1,0,177,Near Collision,56.0,High,Go Around,17.3
Rain,Landing,None,1,0,1,1,38,Landing Gear Issue,62.0,High,Runway Change,13.9
VMC,Approach,None,2,0,0,3,31,Engine Failure,56.5,High,Runway Change,18.2
VMC,Taxi,Minor,2,0,0,1,129,Near Collision,62.5,High,Go Around,16.8
VMC,Cruise,Minor,2,0,1,0,47,Near Collision,68.0,High,Go Around,16.8
Fog,Landing,Minor,1,1,1,2,188,Landing Gear Issue,88.5,Critical,Priority Landing,24.1
Rain,Takeoff,None,2,0,2,1,61,Engine Failure,77.5,High,Runway Change,19.1
Rain,Taxi,None,2,0,1,1,134,Cabin Pressure Failure,63.5,High,Emergency Descent,15.1
Fog,Takeoff,Minor,2,0,2,0,60,Cabin Pressure Failure,95.0,Critical,Priority Landing,26.5
IMC,Cruise,Destroyed,1,0,0,1,232,Engine Failure,100.0,Critical,Priority Landing,28.9
IMC,Taxi,None,2,1,2,1,213,Cabin Pressure Failure,76.5,High,Emergency Descent,23.1
VMC,Taxi,None,4,0,1,0,20,Medical Emergency,26.0,Low,Continue Monitoring,11.6
VMC,Cruise,None,4,1,0,1,110,Medical Emergency,35.5,Medium,Continue Monitoring,12.0
Rain,Cruise,None,3,0,0,3,236,Near Collision,68.0,High,Go Around,19.6
IMC,Takeoff,None,4,0,0,4,132,Near Collision,78.0,High,Go Around,21.1
IMC,Taxi,None,2,0,0,0,214,Near Collision,62.0,High,Go Around,19.4
Fog,Takeoff,Minor,4,0,1,3,40,Medical Emergency,72.5,High,Runway Change,18.7
Rain,Takeoff,None,4,0,0,1,118,Landing Gear Issue,51.5,Medium,Continue Monitoring,12.1
IMC,Cruise,None,2,0,1,0,220,Bird Strike,52.0,Medium,Continue Monitoring,20.0
IMC,Takeoff,None,4,0,1,1,64,Fuel Low,63.5,High,Runway Change,21.2
VMC,Takeoff,Substantial,2,0,1,0,22,Medical Emergency,72.0,High,Runway Change,19.3
VMC,Approach,None,2,0,0,2,188,Fuel Low,48.0,Medium,Continue Monitoring,10.0
VMC,Landing,None,4,0,1,0,39,Fuel Low,51.0,Medium,Continue Monitoring,11.6
VMC,Climb,None,2,0,1,0,89,Landing Gear Issue,38.0,Medium,Continue Monitoring,15.1
VMC,Landing,Minor,2,0,0,2,206,Bird Strike,62.0,High,Runway Change,11.2
Windy,Approach,Substantial,2,0,0,4,225,Cabin Pressure Failure,100.0,Critical,Priority Landing,21.1
VMC,Climb,None,2,0,0,2,50,Medical Emergency,35.0,Medium,Continue Monitoring,13.1
VMC,Landing,None,4,0,0,1,134,Engine Failure,55.5,High,Runway Change,16.5
VMC,Approach,None,4,0,0,2,202,Bird Strike,42.0,Medium,Continue Monitoring,12.9
VMC,Landing,Minor,2,0,0,0,110,Fuel Low,62.0,High,Runway Change,14.5
Rain,Takeoff,Substantial,4,0,1,1,100,Medical Emergency,83.5,Critical,Priority Landing,18.3
IMC,Climb,None,2,0,0,0,144,Medical Emergency,45.0,Medium,Continue Monitoring,18.6
Fog,Climb,None,4,0,0,3,198,Cabin Pressure Failure,70.5,High,Emergency Descent,26.7
Rain,Cruise,Substantial,1,1,0,3,29,Medical Emergency,86.0,Critical,Priority Landing,21.6
VMC,Taxi,Minor,2,1,0,2,31,Runway Incursion,51.0,Medium,Continue Monitoring,12.6
Fog,Landing,None,1,0,1,0,44,Fuel Low,72.5,High,Runway Change,21.8
VMC,Approach,None,2,0,0,0,98,Runway Incursion,37.0,Medium,Continue Monitoring,10.4
VMC,Approach,None,2,0,1,2,83,Landing Gear Issue,44.0,Medium,Continue Monitoring,11.5
VMC,Taxi,Substantial,1,1,0,0,130,Near Collision,89.5,Critical,Priority Landing,17.9
Rain,Cruise,Minor,2,1,0,3,89,Engine Failure,83.5,Critical,Priority Landing,22.0
IMC,Climb,Minor,2,0,0,2,163,Landing Gear Issue,62.0,High,Holding Pattern,21.3
VMC,Takeoff,Substantial,2,0,0,3,93,Runway Incursion,74.5,High,Runway Change,19.7
IMC,Climb,None,2,0,0,3,212,Cabin Pressure Failure,69.5,High,Emergency Descent,24.8
VMC,Approach,None,2,0,0,2,91,Fuel Low,48.0,Medium,Continue Monitoring,12.6
Rain,Cruise,None,1,1,0,1,76,Near Collision,77.0,High,Go Around,22.2
VMC,Cruise,Substantial,1,2,0,0,217,Cabin Pressure Failure,97.5,Critical,Priority Landing,23.9
VMC,Cruise,Minor,2,0,2,2,171,Runway Incursion,53.0,Medium,Continue Monitoring,18.6
VMC,Taxi,None,2,0,0,2,31,Near Collision,52.0,Medium,Go Around,13.3
Rain,Taxi,None,2,0,0,2,54,Runway Incursion,43.0,Medium,Continue Monitoring,12.9
VMC,Takeoff,Minor,3,2,1,0,31,Landing Gear Issue,72.5,High,Runway Change,14.5
VMC,Takeoff,Minor,2,0,0,1,202,Runway Incursion,53.5,Medium,Continue Monitoring,14.3
VMC,Climb,Minor,2,0,1,0,164,Fuel Low,58.0,High,Holding Pattern,14.1
Storm,Taxi,None,4,0,0,2,234,Landing Gear Issue,52.0,Medium,Continue Monitoring,13.3
Windy,Cruise,Substantial,2,1,2,1,95,Runway Incursion,91.5,Critical,Priority Landing,22.9
Rain,Taxi,Substantial,1,0,0,3,30,Medical Emergency,74.0,High,Runway Change,15.5
VMC,Approach,Minor,1,0,0,0,125,Engine Failure,65.5,High,Runway Change,16.1
Storm,Approach,Minor,2,0,0,3,38,Landing Gear Issue,78.5,High,Runway Change,26.6
Fog,Climb,Substantial,2,0,0,3,53,Cabin Pressure Failure,100.0,Critical,Priority Landing,27.3
Rain,Cruise,Substantial,2,0,0,0,201,Medical Emergency,71.0,High,Holding Pattern,18.5
VMC,Takeoff,Minor,4,1,0,2,107,Cabin Pressure Failure,79.0,High,Emergency Descent,18.6
VMC,Approach,None,4,0,2,1,222,Engine Failure,58.5,High,Runway Change,15.5
VMC,Climb,None,2,0,0,2,138,Runway Incursion,37.0,Medium,Continue Monitoring,13.3
Windy,Climb,Substantial,2,0,0,0,169,Bird Strike,82.0,Critical,Priority Landing,21.3
IMC,Takeoff,Minor,2,0,0,1,211,Fuel Low,74.5,High,Runway Change,22.8
VMC,Landing,None,2,0,0,1,126,Cabin Pressure Failure,61.5,High,Emergency Descent,16.1
VMC,Taxi,None,4,0,0,1,93,Near Collision,47.5,Medium,Go Around,10.5
IMC,Cruise,Substantial,2,0,1,0,196,Engine Failure,92.0,Critical,Priority Landing,27.4
VMC,Approach,Substantial,1,0,0,2,211,Cabin Pressure Failure,89.5,Critical,Priority Landing,20.2
Windy,Taxi,Destroyed,2,0,0,1,88,Bird Strike,91.5,Critical,Priority Landing,18.4
Fog,Approach,None,1,0,2,1,209,Landing Gear Issue,65.0,High,Runway Change,20.2
Rain,Approach,Substantial,2,0,0,1,248,Fuel Low,89.5,Critical,Priority Landing,18.4
VMC,Cruise,Substantial,2,0,1,1,64,Medical Emergency,63.5,High,Holding Pattern,20.4
Rain,Approach,None,2,0,1,1,215,Cabin Pressure Failure,73.5,High,Emergency Descent,17.6
IMC,Approach,None,2,0,1,0,39,Bird Strike,59.0,High,Runway Change,18.8
Rain,Landing,Destroyed,4,0,1,0,224,Bird Strike,100.0,Critical,Priority Landing,20.8
VMC,Approach,None,1,0,0,0,224,Landing Gear Issue,38.5,Medium,Continue Monitoring,10.7
VMC,Approach,Minor,2,0,0,2,216,Cabin Pressure Failure,70.0,High,Emergency Descent,12.6
VMC,Takeoff,Minor,1,0,0,2,100,Bird Strike,61.5,High,Runway Change,12.8
IMC,Taxi,Minor,2,0,0,1,234,Near Collision,75.5,High,Go Around,22.3
VMC,Taxi,None,4,0,2,2,147,Landing Gear Issue,35.0,Medium,Continue Monitoring,6.0
VMC,Climb,Minor,2,0,2,4,34,Runway Incursion,60.0,High,Holding Pattern,19.5
VMC,Climb,None,2,0,2,2,215,Medical Emergency,43.0,Medium,Continue Monitoring,11.2
IMC,Taxi,Substantial,2,0,0,0,228,Near Collision,92.0,Critical,Priority Landing,26.1
VMC,Climb,None,2,0,1,0,89,Landing Gear Issue,38.0,Medium,Continue Monitoring,12.1
Windy,Landing,Minor,4,0,0,0,77,Fuel Low,72.0,High,Runway Change,18.5
IMC,Landing,Substantial,2,1,0,2,150,Runway Incursion,97.0,Critical,Priority Landing,25.7
VMC,Taxi,None,1,0,0,1,102,Landing Gear Issue,30.0,Medium,Continue Monitoring,6.3
IMC,Takeoff,None,2,0,0,2,166,Fuel Low,64.0,High,Runway Change,22.0
VMC,Cruise,Substantial,2,0,0,2,105,Landing Gear Issue,63.0,High,Holding Pattern,21.2
Storm,Approach,None,1,0,0,2,70,Engine Failure,81.5,Critical,Priority Landing,22.5
IMC,Taxi,None,2,0,1,1,73,Fuel Low,53.5,Medium,Continue Monitoring,17.1
Fog,Climb,Minor,2,0,0,2,171,Fuel Low,74.0,High,Holding Pattern,24.0
VMC,Climb,Substantial,1,2,0,3,120,Engine Failure,100.0,Critical,Priority Landing,23.0
IMC,Climb,Minor,2,2,0,1,23,Cabin Pressure Failure,96.5,Critical,Priority Landing,30.6
IMC,Landing,None,2,0,0,2,136,Cabin Pressure Failure,76.0,High,Emergency Descent,20.6
Windy,Taxi,Destroyed,2,0,0,3,201,Medical Emergency,87.5,Critical,Priority Landing,19.6
IMC,Takeoff,Minor,2,0,0,2,54,Runway Incursion,68.0,High,Runway Change,18.7
IMC,Climb,None,2,0,1,0,76,Bird Strike,56.0,High,Holding Pattern,19.8
VMC,Climb,None,1,0,0,2,102,Runway Incursion,38.5,Medium,Continue Monitoring,11.4
VMC,Taxi,None,2,0,1,1,233,Near Collision,54.5,Medium,Go Around,16.3
IMC,Cruise,None,2,0,0,2,100,Landing Gear Issue,46.0,Medium,Continue Monitoring,19.0
VMC,Climb,Minor,2,0,0,2,212,Engine Failure,64.0,High,Holding Pattern,20.5
VMC,Climb,None,2,0,1,3,175,Landing Gear Issue,42.5,Medium,Continue Monitoring,14.7
Fog,Approach,Minor,2,2,1,0,248,Engine Failure,100.0,Critical,Priority Landing,24.6
Windy,Cruise,None,4,0,1,2,153,Near Collision,69.0,High,Go Around,18.8
VMC,Takeoff,None,2,1,1,1,92,Runway Incursion,54.5,Medium,Continue Monitoring,12.7
IMC,Landing,None,2,1,0,2,184,Bird Strike,72.0,High,Runway Change,21.0
VMC,Cruise,Minor,4,0,1,2,40,Engine Failure,61.0,High,Holding Pattern,17.2
Rain,Climb,Minor,2,0,0,1,200,Engine Failure,75.5,High,Holding Pattern,20.0
VMC,Landing,None,2,0,1,0,73,Bird Strike,51.0,Medium,Continue Monitoring,10.4
Rain,Landing,None,3,0,0,1,173,Bird Strike,60.0,High,Runway Change,13.2
Rain,Takeoff,None,2,0,0,0,153,Landing Gear Issue,53.0,Medium,Continue Monitoring,16.8
Fog,Takeoff,Substantial,2,1,0,1,75,Bird Strike,100.0,Critical,Priority Landing,24.7
VMC,Takeoff,None,2,0,0,0,130,Runway Incursion,40.0,Medium,Continue Monitoring,9.1
Windy,Landing,Substantial,2,0,0,3,135,Engine Failure,100.0,Critical,Priority Landing,22.7
VMC,Approach,None,2,0,0,1,196,Near Collision,60.5,High,Go Around,17.7
VMC,Landing,None,2,0,0,2,127,Medical Emergency,43.0,Medium,Continue Monitoring,8.8
IMC,Approach,Minor,2,0,0,2,33,Cabin Pressure Failure,83.0,Critical,Priority Landing,22.5
VMC,Cruise,Minor,2,0,0,0,37,Runway Incursion,42.0,Medium,Continue Monitoring,13.3
Fog,Approach,None,2,0,2,1,172,Bird Strike,68.5,High,Runway Change,16.8
Fog,Landing,Destroyed,2,0,0,0,225,Engine Failure,100.0,Critical,Priority Landing,27.5
VMC,Cruise,None,4,0,0,0,120,Bird Strike,32.0,Medium,Continue Monitoring,12.7
Storm,Taxi,None,2,1,0,2,41,Runway Incursion,64.0,High,Runway Change,19.7
VMC,Taxi,None,2,0,0,1,59,Cabin Pressure Failure,46.5,Medium,Emergency Descent,10.9
IMC,Landing,Minor,2,0,1,0,244,Landing Gear Issue,71.0,High,Runway Change,21.7
VMC,Taxi,Substantial,1,1,0,3,181,Runway Incursion,72.0,High,Runway Change,15.9
Windy,Cruise,None,2,0,1,1,27,Bird Strike,53.5,Medium,Continue Monitoring,16.3
VMC,Takeoff,Substantial,2,0,2,2,79,Engine Failure,96.0,Critical,Priority Landing,19.1
VMC,Cruise,Minor,2,0,2,0,187,Engine Failure,65.0,High,Holding Pattern,16.3
VMC,Landing,Destroyed,2,0,0,2,165,Bird Strike,95.0,Critical,Priority Landing,23.8
Storm,Landing,Substantial,4,0,1,0,86,Medical Emergency,96.0,Critical,Priority Landing,24.3
Windy,Cruise,Substantial,2,0,0,1,180,Engine Failure,89.5,Critical,Priority Landing,23.7
Rain,Climb,Minor,2,0,0,1,228,Runway Incursion,60.5,High,Holding Pattern,17.8
Windy,Cruise,None,2,1,0,0,227,Medical Emergency,50.0,Medium,Continue Monitoring,15.1
Windy,Landing,None,2,0,0,1,209,Near Collision,78.5,High,Go Around,17.1
IMC,Takeoff,Minor,1,0,1,1,101,Runway Incursion,72.0,High,Runway Change,22.2
VMC,Climb,None,4,0,0,1,25,Engine Failure,47.5,Medium,Continue Monitoring,14.9
Fog,Climb,Minor,3,0,1,1,109,Medical Emergency,65.0,High,Holding Pattern,22.4
Rain,Landing,None,4,0,1,1,25,Near Collision,79.5,High,Go Around,18.4
VMC,Cruise,Substantial,2,0,0,2,151,Landing Gear Issue,63.0,High,Holding Pattern,20.7
VMC,Takeoff,None,1,0,0,0,158,Runway Incursion,41.5,Medium,Continue Monitoring,12.8
Rain,Climb,Substantial,2,0,2,0,98,Bird Strike,90.0,Critical,Priority Landing,24.0
VMC,Takeoff,None,4,0,0,0,54,Fuel Low,45.0,Medium,Continue Monitoring,11.0
Windy,Cruise,None,1,0,0,1,140,Runway Incursion,46.0,Medium,Continue Monitoring,12.5
VMC,Taxi,Substantial,1,0,2,2,23,Near Collision,91.5,Critical,Priority Landing,22.4
VMC,Approach,Substantial,1,0,1,0,83,Bird Strike,77.5,High,Runway Change,19.9
Fog,Taxi,Minor,2,1,0,0,242,Medical Emergency,63.0,High,Runway Change,19.1
VMC,Landing,Destroyed,2,1,0,0,230,Landing Gear Issue,96.0,Critical,Priority Landing,22.4
VMC,Taxi,None,2,0,0,1,165,Bird Strike,33.5,Medium,Continue Monitoring,11.6
IMC,Climb,Substantial,1,0,0,0,106,Fuel Low,86.5,Critical,Priority Landing,28.2
Windy,Taxi,None,2,0,0,0,22,Landing Gear Issue,40.0,Medium,Continue Monitoring,13.0
VMC,Climb,Minor,2,0,2,1,169,Near Collision,77.5,High,Go Around,20.0
VMC,Cruise,None,2,0,0,2,132,Bird Strike,38.0,Medium,Continue Monitoring,16.9
Fog,Landing,None,2,0,1,1,184,Fuel Low,72.5,High,Runway Change,18.6
Storm,Climb,Minor,2,1,1,1,56,Runway Incursion,85.5,Critical,Priority Landing,28.1
IMC,Climb,Minor,2,0,0,1,210,Fuel Low,68.5,High,Holding Pattern,24.3
VMC,Takeoff,None,4,0,1,0,205,Near Collision,63.0,High,Go Around,17.1
VMC,Takeoff,Substantial,2,0,0,2,118,Medical Emergency,71.0,High,Runway Change,20.5
VMC,Approach,Minor,2,0,0,3,26,Bird Strike,58.5,High,Runway Change,17.5
VMC,Taxi,None,2,0,2,2,127,Fuel Low,46.0,Medium,Continue Monitoring,10.0
Rain,Climb,Minor,2,1,0,0,105,Near Collision,90.0,Critical,Priority Landing,19.8
VMC,Cruise,None,1,0,0,1,195,Runway Incursion,33.0,Medium,Continue Monitoring,14.6
IMC,Taxi,None,2,0,1,0,74,Engine Failure,59.0,High,Runway Change,16.6
Rain,Landing,Minor,2,0,0,2,24,Landing Gear Issue,70.0,High,Runway Change,16.6
IMC,Takeoff,None,2,0,0,0,245,Bird Strike,58.0,High,Runway Change,20.1
VMC,Approach,None,2,0,0,3,75,Near Collision,63.5,High,Go Around,12.1
Fog,Takeoff,Minor,2,0,1,1,37,Fuel Low,82.5,Critical,Priority Landing,18.6
Rain,Climb,None,2,1,0,3,217,Fuel Low,68.5,High,Holding Pattern,19.8
Rain,Climb,Substantial,2,0,0,2,185,Landing Gear Issue,80.0,Critical,Priority Landing,21.5
VMC,Approach,Substantial,2,0,0,1,81,Near Collision,90.5,Critical,Priority Landing,19.8
VMC,Climb,None,2,0,0,3,129,Landing Gear Issue,38.5,Medium,Continue Monitoring,14.0
Windy,Climb,Minor,4,1,0,1,178,Engine Failure,81.5,Critical,Priority Landing,19.9
VMC,Climb,None,2,0,0,0,207,Fuel Low,42.0,Medium,Continue Monitoring,11.5
VMC,Cruise,Minor,4,0,0,1,105,Engine Failure,55.5,High,Holding Pattern,16.7
IMC,Approach,None,2,0,0,1,69,Medical Emergency,49.5,Medium,Continue Monitoring,15.0
Rain,Cruise,Substantial,3,0,0,3,23,Medical Emergency,74.0,High,Holding Pattern,17.0
Storm,Climb,None,1,0,0,1,216,Landing Gear Issue,62.0,High,Holding Pattern,23.2
VMC,Approach,Minor,2,0,0,1,207,Bird Strike,55.5,High,Runway Change,13.9
Windy,Approach,None,1,0,1,4,238,Near Collision,83.5,Critical,Priority Landing,19.8
VMC,Takeoff,None,1,0,0,0,191,Landing Gear Issue,41.5,Medium,Continue Monitoring,9.5
IMC,Taxi,Minor,4,0,1,1,69,Engine Failure,69.5,High,Runway Change,19.2
Rain,Taxi,Minor,2,0,1,3,75,Medical Emergency,58.5,High,Runway Change,12.5
VMC,Approach,Destroyed,2,0,2,0,75,Medical Emergency,88.0,Critical,Priority Landing,18.1
VMC,Approach,None,2,0,0,0,125,Engine Failure,52.0,Medium,Continue Monitoring,13.8
VMC,Landing,None,2,1,1,1,241,Medical Emergency,54.5,Medium,Continue Monitoring,12.2
Storm,Cruise,None,2,0,0,3,178,Fuel Low,67.5,High,Holding Pattern,23.9
IMC,Cruise,None,3,0,3,4,119,Fuel Low,67.5,High,Holding Pattern,23.8
Windy,Cruise,Substantial,2,0,1,0,189,Bird Strike,82.0,Critical,Priority Landing,25.8
Fog,Takeoff,Substantial,2,0,1,1,212,Cabin Pressure Failure,100.0,Critical,Priority Landing,23.2
IMC,Taxi,Substantial,2,0,0,1,112,Medical Emergency,69.5,High,Runway Change,22.3
Fog,Climb,None,4,0,0,1,213,Near Collision,71.5,High,Go Around,23.7
VMC,Climb,None,1,0,0,0,24,Fuel Low,43.5,Medium,Continue Monitoring,14.8
VMC,Taxi,Minor,2,0,0,4,91,Near Collision,67.0,High,Go Around,13.2
Fog,Approach,None,4,0,1,2,59,Cabin Pressure Failure,76.0,High,Emergency Descent,20.8
Fog,Approach,Minor,2,0,0,2,61,Fuel Low,77.0,High,Runway Change,23.3
VMC,Climb,None,1,0,0,1,66,Runway Incursion,37.0,Medium,Continue Monitoring,13.5
IMC,Climb,None,2,1,0,2,104,Near Collision,81.0,Critical,Priority Landing,25.7
Rain,Landing,Substantial,2,0,0,2,186,Cabin Pressure Failure,100.0,Critical,Priority Landing,21.4
Windy,Cruise,None,4,1,1,3,156,Cabin Pressure Failure,75.5,High,Emergency Descent,22.9
Rain,Takeoff,Destroyed,3,0,0,0,121,Runway Incursion,96.5,Critical,Priority Landing,21.3
VMC,Taxi,None,2,0,0,1,134,Runway Incursion,28.5,Low,Continue Monitoring,4.7
VMC,Cruise,None,4,0,0,0,62,Near Collision,49.0,Medium,Go Around,14.4
VMC,Landing,None,2,0,0,3,189,Engine Failure,61.5,High,Runway Change,11.1
Rain,Cruise,None,4,0,2,3,193,Bird Strike,57.5,High,Holding Pattern,10.8
Windy,Approach,Minor,2,0,0,1,146,Medical Emergency,61.5,High,Runway Change,14.0
IMC,Landing,None,2,1,0,0,207,Cabin Pressure Failure,82.0,Critical,Priority Landing,25.4
VMC,Taxi,Minor,1,0,2,0,205,Medical Emergency,46.5,Medium,Continue Monitoring,12.5
VMC,Climb,Substantial,1,0,1,3,205,Runway Incursion,74.0,High,Holding Pattern,18.0
Rain,Landing,None,2,0,0,1,43,Fuel Low,64.5,High,Runway Change,13.7
Fog,Taxi,None,1,0,3,0,39,Cabin Pressure Failure,75.5,High,Emergency Descent,23.9
VMC,Approach,None,2,0,0,0,120,Near Collision,59.0,High,Go Around,14.9
VMC,Takeoff,Substantial,2,0,1,1,33,Medical Emergency,73.5,High,Runway Change,17.3
IMC,Climb,Minor,1,1,0,1,23,Cabin Pressure Failure,89.0,Critical,Priority Landing,26.9
VMC,Climb,None,2,0,0,3,50,Near Collision,60.5,High,Go Around,18.0
Fog,Takeoff,Minor,2,0,0,1,47,Medical Emergency,68.5,High,Runway Change,21.9
VMC,Landing,Minor,4,0,0,1,94,Landing Gear Issue,52.5,Medium,Continue Monitoring,14.6
VMC,Taxi,None,2,0,1,3,96,Cabin Pressure Failure,53.5,Medium,Emergency Descent,14.1
Windy,Approach,None,4,0,0,0,208,Runway Incursion,47.0,Medium,Continue Monitoring,10.4
VMC,Approach,Destroyed,3,0,0,1,227,Near Collision,100.0,Critical,Priority Landing,23.0
VMC,Landing,None,2,0,0,0,59,Runway Incursion,42.0,Medium,Continue Monitoring,10.2
VMC,Cruise,None,2,1,0,0,107,Near Collision,61.0,High,Go Around,20.2
VMC,Cruise,None,2,0,0,0,136,Cabin Pressure Failure,48.0,Medium,Emergency Descent,13.1
VMC,Approach,Minor,3,0,1,0,82,Runway Incursion,51.5,Medium,Continue Monitoring,13.0
VMC,Climb,None,2,0,1,1,96,Medical Emergency,37.5,Medium,Continue Monitoring,13.7
VMC,Takeoff,None,4,1,0,1,174,Runway Incursion,47.5,Medium,Continue Monitoring,9.9
VMC,Approach,None,4,0,0,1,117,Cabin Pressure Failure,53.5,Medium,Emergency Descent,17.1
IMC,Landing,Minor,2,1,1,1,181,Near Collision,100.0,Critical,Priority Landing,28.9
Rain,Takeoff,None,2,0,0,4,37,Bird Strike,64.0,High,Runway Change,14.6
VMC,Climb,Substantial,2,0,0,1,130,Bird Strike,70.5,High,Holding Pattern,21.2
VMC,Climb,None,2,0,0,0,91,Cabin Pressure Failure,52.0,Medium,Emergency Descent,17.1
IMC,Landing,None,3,0,0,0,86,Runway Incursion,53.5,Medium,Continue Monitoring,12.4
Windy,Approach,Destroyed,1,1,0,1,127,Near Collision,100.0,Critical,Priority Landing,22.5
Windy,Approach,Substantial,1,0,0,0,89,Fuel Low,89.5,Critical,Priority Landing,20.0
VMC,Approach,None,2,0,0,3,194,Runway Incursion,41.5,Medium,Continue Monitoring,11.6
VMC,Climb,Substantial,4,0,1,0,62,Near Collision,87.0,Critical,Priority Landing,20.5
VMC,Landing,Minor,2,0,1,1,225,Cabin Pressure Failure,77.5,High,Emergency Descent,17.4
VMC,Takeoff,None,4,0,0,0,103,Landing Gear Issue,37.0,Medium,Continue Monitoring,10.3
IMC,Takeoff,Substantial,2,0,1,1,141,Runway Incursion,88.5,Critical,Priority Landing,26.3
VMC,Landing,Substantial,2,0,3,2,58,Fuel Low,95.0,Critical,Priority Landing,21.8
VMC,Approach,None,4,0,1,0,231,Engine Failure,53.0,Medium,Continue Monitoring,13.5
VMC,Climb,Minor,2,0,1,0,167,Fuel Low,58.0,High,Holding Pattern,20.5
IMC,Cruise,None,2,0,1,0,197,Bird Strike,52.0,Medium,Continue Monitoring,19.2
VMC,Takeoff,None,1,0,0,2,225,Bird Strike,49.5,Medium,Continue Monitoring,12.1
Fog,Landing,Destroyed,1,0,2,0,248,Cabin Pressure Failure,100.0,Critical,Priority Landing,22.4
VMC,Landing,Minor,1,1,0,3,78,Landing Gear Issue,69.0,High,Runway Change,19.6
Windy,Climb,Minor,2,0,0,1,95,Near Collision,82.5,Critical,Priority Landing,23.8
VMC,Cruise,Minor,2,0,1,2,75,Medical Emergency,47.0,Medium,Continue Monitoring,17.3
Fog,Climb,Minor,2,0,1,0,135,Bird Strike,72.0,High,Holding Pattern,25.3
Windy,Cruise,None,1,1,0,1,226,Runway Incursion,55.0,High,Holding Pattern,17.1
Storm,Climb,Destroyed,2,0,1,1,189,Cabin Pressure Failure,100.0,Critical,Priority Landing,29.4
Fog,Climb,Minor,2,0,2,1,150,Engine Failure,87.5,Critical,Priority Landing,26.2
Fog,Cruise,Minor,4,0,0,2,128,Medical Emergency,57.0,High,Holding Pattern,20.9
Rain,Taxi,Minor,2,2,0,0,187,Bird Strike,75.0,High,Runway Change,17.6
Fog,Landing,None,1,0,0,1,127,Medical Emergency,60.0,High,Runway Change,21.8
VMC,Climb,None,2,0,1,1,224,Engine Failure,54.5,Medium,Continue Monitoring,17.9
IMC,Taxi,None,4,0,0,0,148,Bird Strike,42.0,Medium,Continue Monitoring,15.4
IMC,Climb,None,2,1,0,0,172,Runway Incursion,56.0,High,Holding Pattern,19.9
Windy,Taxi,Minor,3,1,1,0,176,Bird Strike,68.5,High,Runway Change,15.1
IMC,Climb,Substantial,4,0,0,0,190,Engine Failure,89.0,Critical,Priority Landing,30.2
VMC,Approach,None,2,0,0,1,129,Bird Strike,43.5,Medium,Continue Monitoring,12.8
Rain,Climb,None,4,0,0,2,108,Landing Gear Issue,47.0,Medium,Continue Monitoring,15.6
VMC,Landing,Minor,1,0,0,3,115,Landing Gear Issue,60.0,High,Runway Change,14.1
VMC,Climb,None,3,0,0,1,235,Near Collision,56.0,High,Go Around,14.9
IMC,Taxi,Substantial,4,0,1,1,45,Runway Incursion,72.5,High,Runway Change,20.9
VMC,Takeoff,None,4,0,0,1,181,Landing Gear Issue,38.5,Medium,Continue Monitoring,12.7
VMC,Approach,None,2,0,0,0,240,Fuel Low,45.0,Medium,Continue Monitoring,11.3
VMC,Takeoff,None,2,1,1,0,36,Medical Emergency,51.0,Medium,Continue Monitoring,12.7
VMC,Taxi,Substantial,2,0,0,1,162,Engine Failure,73.5,High,Runway Change,16.8
VMC,Cruise,None,2,0,1,0,156,Cabin Pressure Failure,52.0,Medium,Emergency Descent,16.6
VMC,Landing,Minor,2,0,2,2,96,Landing Gear Issue,65.0,High,Runway Change,12.5
Rain,Taxi,None,2,1,0,3,41,Engine Failure,68.5,High,Runway Change,15.9
VMC,Approach,None,2,0,0,3,175,Near Collision,63.5,High,Go Around,13.7
Windy,Takeoff,Substantial,2,0,1,0,140,Medical Emergency,85.0,Critical,Priority Landing,21.1
Windy,Climb,None,2,0,0,0,192,Landing Gear Issue,47.0,Medium,Continue Monitoring,13.9
IMC,Climb,None,2,0,0,3,40,Cabin Pressure Failure,69.5,High,Emergency Descent,24.7
VMC,Taxi,Minor,2,0,0,3,234,Medical Emergency,41.5,Medium,Continue Monitoring,14.5
IMC,Taxi,Substantial,2,0,1,1,164,Engine Failure,90.5,Critical,Priority Landing,23.7
Fog,Cruise,None,2,1,1,0,121,Cabin Pressure Failure,78.0,High,Emergency Descent,23.8
Rain,Taxi,None,1,0,2,0,124,Landing Gear Issue,49.5,Medium,Continue Monitoring,13.3
Fog,Climb,Destroyed,3,0,1,0,238,Engine Failure,100.0,Critical,Priority Landing,29.0
IMC,Landing,Minor,2,0,0,0,147,Engine Failure,82.0,Critical,Priority Landing,20.8
Rain,Cruise,Substantial,1,0,0,0,153,Landing Gear Issue,74.5,High,Holding Pattern,21.3
VMC,Climb,Substantial,2,0,0,2,169,Fuel Low,75.0,High,Holding Pattern,24.5
Rain,Climb,Minor,2,0,0,0,91,Cabin Pressure Failure,77.0,High,Emergency Descent,20.3
VMC,Cruise,None,2,0,0,4,77,Cabin Pressure Failure,54.0,Medium,Emergency Descent,16.3
Rain,Cruise,None,1,0,0,1,192,Medical Emergency,44.0,Medium,Continue Monitoring,12.8
Windy,Climb,Minor,2,0,0,1,93,Medical Emergency,58.5,High,Holding Pattern,18.2
VMC,Cruise,Minor,1,0,0,0,27,Near Collision,65.5,High,Go Around,16.3
Rain,Takeoff,Destroyed,1,0,1,1,130,Bird Strike,100.0,Critical,Priority Landing,19.8
VMC,Taxi,Minor,2,1,0,1,22,Bird Strike,54.5,Medium,Continue Monitoring,16.4
Rain,Cruise,None,3,0,1,1,150,Landing Gear Issue,47.0,Medium,Continue Monitoring,13.6
VMC,Takeoff,Minor,2,0,0,3,168,Engine Failure,71.5,High,Runway Change,19.0
Windy,Approach,Minor,2,0,0,1,232,Bird Strike,68.5,High,Runway Change,19.4
VMC,Taxi,None,2,0,0,0,159,Near Collision,49.0,Medium,Go Around,13.3
Storm,Cruise,Substantial,2,0,0,0,100,Cabin Pressure Failure,100.0,Critical,Priority Landing,30.1
Fog,Taxi,Minor,1,0,1,2,167,Fuel Low,72.5,High,Runway Change,25.0
IMC,Approach,None,2,0,2,0,156,Engine Failure,73.0,High,Runway Change,20.7
Fog,Landing,Minor,2,0,0,5,190,Fuel Low,86.5,Critical,Priority Landing,22.4
Fog,Climb,Minor,2,0,0,2,232,Engine Failure,81.0,Critical,Priority Landing,22.9
Windy,Takeoff,Substantial,2,0,0,2,42,Cabin Pressure Failure,100.0,Critical,Priority Landing,22.1
VMC,Cruise,None,2,0,1,2,185,Medical Emergency,35.0,Medium,Continue Monitoring,16.3
IMC,Taxi,Minor,2,1,0,1,205,Landing Gear Issue,62.5,High,Runway Change,21.2
VMC,Landing,Minor,4,1,0,5,95,Runway Incursion,67.5,High,Runway Change,14.3
Rain,Landing,Minor,2,0,1,1,112,Medical Emergency,70.5,High,Runway Change,15.0
VMC,Taxi,None,2,0,1,1,115,Cabin Pressure Failure,50.5,Medium,Emergency Descent,12.1
IMC,Cruise,Substantial,2,0,0,1,105,Near Collision,96.5,Critical,Priority Landing,29.0
IMC,Climb,Substantial,2,0,0,1,222,Fuel Low,86.5,Critical,Priority Landing,26.2
IMC,Taxi,Minor,2,0,1,0,95,Cabin Pressure Failure,74.0,High,Emergency Descent,21.7
IMC,Approach,Minor,2,0,0,1,120,Engine Failure,78.5,High,Runway Change,22.7
Fog,Climb,None,2,0,0,1,154,Landing Gear Issue,52.5,Medium,Continue Monitoring,19.9
Fog,Climb,Minor,2,1,0,1,77,Landing Gear Issue,73.5,High,Holding Pattern,24.1
IMC,Taxi,None,3,1,0,5,180,Landing Gear Issue,55.0,High,Runway Change,18.3
IMC,Takeoff,Minor,2,0,0,1,140,Bird Strike,71.5,High,Runway Change,20.7
Windy,Takeoff,None,4,0,0,2,59,Runway Incursion,53.0,Medium,Continue Monitoring,14.5
VMC,Landing,Minor,2,0,1,1,62,Cabin Pressure Failure,77.5,High,Emergency Descent,21.7
VMC,Takeoff,None,2,0,1,2,26,Landing Gear Issue,47.0,Medium,Continue Monitoring,13.6
VMC,Climb,Minor,2,0,2,1,153,Engine Failure,70.5,High,Holding Pattern,19.8
Rain,Taxi,Minor,2,0,0,2,204,Medical Emergency,53.0,Medium,Continue Monitoring,10.2
VMC,Cruise,None,3,0,0,1,248,Engine Failure,45.0,Medium,Continue Monitoring,15.9
Fog,Landing,None,2,1,1,2,171,Landing Gear Issue,75.0,High,Runway Change,17.6
Rain,Cruise,Substantial,2,0,0,0,242,Bird Strike,78.0,High,Holding Pattern,18.2
VMC,Takeoff,Minor,2,0,0,1,247,Engine Failure,68.5,High,Runway Change,18.0
Windy,Climb,None,4,0,0,0,161,Engine Failure,59.0,High,Holding Pattern,19.0
Fog,Landing,None,2,0,0,1,106,Landing Gear Issue,60.5,High,Runway Change,18.6
VMC,Takeoff,None,4,0,1,2,223,Cabin Pressure Failure,62.0,High,Emergency Descent,11.7
VMC,Approach,Minor,4,0,1,1,165,Engine Failure,66.5,High,Runway Change,15.2
VMC,Cruise,Minor,2,0,1,3,207,Medical Emergency,48.5,Medium,Continue Monitoring,14.4
VMC,Cruise,None,4,0,0,2,72,Medical Emergency,28.0,Low,Continue Monitoring,13.3
VMC,Taxi,Minor,4,0,4,1,238,Runway Incursion,53.5,Medium,Continue Monitoring,18.1
Windy,Approach,Minor,2,0,0,2,118,Bird Strike,70.0,High,Runway Change,17.0
VMC,Approach,Substantial,2,1,0,1,220,Engine Failure,92.5,Critical,Priority Landing,19.1
VMC,Cruise,None,2,0,3,3,106,Near Collision,68.5,High,Go Around,17.0
Rain,Cruise,None,2,0,0,1,226,Medical Emergency,42.5,Medium,Continue Monitoring,14.5
IMC,Landing,None,1,0,0,2,174,Engine Failure,74.5,High,Runway Change,21.1
Windy,Takeoff,None,2,0,0,3,72,Medical Emergency,55.5,High,Runway Change,11.7
Fog,Climb,None,2,0,0,1,54,Medical Emergency,50.5,Medium,Continue Monitoring,20.3
IMC,Approach,None,2,0,1,3,56,Bird Strike,63.5,High,Runway Change,17.1
VMC,Approach,None,1,0,1,2,106,Bird Strike,50.5,Medium,Continue Monitoring,15.3
Storm,Takeoff,Minor,2,0,0,0,30,Engine Failure,92.0,Critical,Priority Landing,26.7
Rain,Landing,None,2,0,1,0,146,Runway Incursion,59.0,High,Runway Change,16.8
Storm,Approach,Minor,2,0,1,1,171,Engine Failure,94.5,Critical,Priority Landing,24.1
VMC,Climb,None,2,0,0,0,191,Cabin Pressure Failure,52.0,Medium,Emergency Descent,17.4
Windy,Landing,Minor,1,0,0,3,234,Engine Failure,88.0,Critical,Priority Landing,19.6
Rain,Taxi,None,2,0,0,3,204,Runway Incursion,44.5,Medium,Continue Monitoring,11.2
VMC,Cruise,Substantial,4,0,3,3,248,Medical Emergency,71.5,High,Holding Pattern,19.2
IMC,Climb,Substantial,2,0,1,0,158,Landing Gear Issue,81.0,Critical,Priority Landing,23.0
Rain,Climb,None,2,0,0,1,216,Engine Failure,63.5,High,Holding Pattern,15.5
VMC,Approach,Minor,1,0,3,0,198,Fuel Low,70.5,High,Runway Change,18.3
IMC,Takeoff,None,2,0,0,1,211,Medical Emergency,52.5,Medium,Continue Monitoring,17.1
Fog,Cruise,Minor,2,0,0,3,114,Engine Failure,78.5,High,Holding Pattern,25.6
VMC,Takeoff,None,2,0,0,0,139,Medical Emergency,38.0,Medium,Continue Monitoring,12.8
IMC,Takeoff,None,2,0,0,0,230,Medical Emergency,51.0,Medium,Continue Monitoring,13.7
VMC,Cruise,None,1,0,0,1,123,Medical Emergency,31.0,Medium,Continue Monitoring,11.0
VMC,Landing,Substantial,2,0,0,1,159,Cabin Pressure Failure,91.5,Critical,Priority Landing,20.8
Windy,Taxi,None,2,0,0,1,167,Bird Strike,46.5,Medium,Continue Monitoring,13.2
Fog,Takeoff,Minor,2,0,0,1,62,Bird Strike,75.5,High,Runway Change,20.8
VMC,Climb,None,4,0,1,1,25,Medical Emergency,34.5,Medium,Continue Monitoring,15.3
Storm,Cruise,None,2,0,0,0,179,Near Collision,77.0,High,Go Around,25.3
Windy,Approach,None,4,0,1,0,202,Medical Emergency,49.0,Medium,Continue Monitoring,10.4
VMC,Taxi,Substantial,2,0,0,3,153,Medical Emergency,59.5,High,Runway Change,12.8
Fog,Landing,Substantial,1,1,0,1,171,Landing Gear Issue,100.0,Critical,Priority Landing,27.6
VMC,Approach,None,2,0,2,2,35,Near Collision,70.0,High,Go Around,17.5
Storm,Takeoff,Minor,2,1,0,0,59,Engine Failure,100.0,Critical,Priority Landing,22.2
Rain,Takeoff,None,2,0,0,1,189,Fuel Low,62.5,High,Runway Change,17.9
Rain,Takeoff,None,4,0,0,0,166,Engine Failure,65.0,High,Runway Change,16.9
VMC,Approach,Minor,2,1,0,1,65,Landing Gear Issue,59.5,High,Runway Change,17.4
Windy,Climb,None,2,0,1,2,157,Runway Incursion,54.0,Medium,Continue Monitoring,16.0
VMC,Climb,None,2,1,0,1,28,Medical Emergency,42.5,Medium,Continue Monitoring,14.1
VMC,Landing,Minor,2,1,1,2,201,Fuel Low,78.0,High,Runway Change,15.8
VMC,Landing,None,2,1,1,3,26,Near Collision,81.5,Critical,Priority Landing,23.7
Fog,Cruise,Substantial,1,0,0,0,212,Bird Strike,83.5,Critical,Priority Landing,25.7
VMC,Taxi,Minor,2,1,0,3,71,Runway Incursion,52.5,Medium,Continue Monitoring,16.6
Windy,Landing,Substantial,2,0,1,0,78,Runway Incursion,89.0,Critical,Priority Landing,18.7
Rain,Landing,Minor,2,0,1,4,232,Bird Strike,82.0,Critical,Priority Landing,19.1
VMC,Taxi,Substantial,2,1,1,2,207,Cabin Pressure Failure,91.0,Critical,Priority Landing,17.0
VMC,Climb,None,1,1,1,1,97,Bird Strike,55.0,High,Holding Pattern,16.1
VMC,Landing,Minor,2,0,0,0,61,Cabin Pressure Failure,72.0,High,Emergency Descent,18.9
Rain,Taxi,Minor,4,0,0,1,45,Near Collision,72.5,High,Go Around,14.5
Fog,Taxi,Substantial,4,1,0,2,110,Engine Failure,98.0,Critical,Priority Landing,27.8
VMC,Approach,None,2,0,1,2,153,Landing Gear Issue,44.0,Medium,Continue Monitoring,12.6
Fog,Landing,Minor,2,0,0,3,133,Fuel Low,83.5,Critical,Priority Landing,20.9
VMC,Taxi,Substantial,2,1,1,0,226,Medical Emergency,68.0,High,Runway Change,15.2
Fog,Taxi,None,1,0,0,1,205,Fuel Low,55.0,High,Runway Change,17.0
Windy,Taxi,Substantial,2,0,1,0,79,Landing Gear Issue,74.0,High,Runway Change,17.2
Fog,Landing,None,1,0,0,1,227,Runway Incursion,62.0,High,Runway Change,18.1
Rain,Cruise,None,2,0,0,2,126,Landing Gear Issue,46.0,Medium,Continue Monitoring,13.6
Fog,Landing,Minor,4,0,0,3,23,Medical Emergency,70.5,High,Runway Change,20.1
VMC,Cruise,None,2,0,0,0,215,Cabin Pressure Failure,48.0,Medium,Emergency Descent,13.6
VMC,Landing,None,4,0,2,0,189,Cabin Pressure Failure,65.0,High,Emergency Descent,13.1
VMC,Landing,None,2,0,0,3,101,Bird Strike,51.5,Medium,Continue Monitoring,13.2
IMC,Taxi,None,2,0,1,2,221,Landing Gear Issue,47.0,Medium,Continue Monitoring,18.2
Rain,Approach,Substantial,2,0,1,0,228,Runway Incursion,84.0,Critical,Priority Landing,16.1
Rain,Cruise,Substantial,2,0,0,2,239,Landing Gear Issue,76.0,High,Holding Pattern,20.7
Windy,Takeoff,Minor,2,0,2,2,229,Medical Emergency,74.0,High,Runway Change,16.0
VMC,Approach,None,2,0,1,0,81,Bird Strike,46.0,Medium,Continue Monitoring,10.3
Rain,Approach,Minor,2,0,0,1,148,Bird Strike,68.5,High,Runway Change,18.0
VMC,Approach,Substantial,2,0,0,0,59,Cabin Pressure Failure,85.0,Critical,Priority Landing,18.3
VMC,Landing,Minor,2,0,0,3,176,Runway Incursion,58.5,High,Runway Change,17.5
Rain,Taxi,None,1,0,1,2,134,Near Collision,70.5,High,Go Around,15.1
Storm,Takeoff,None,2,0,0,1,222,Near Collision,88.5,Critical,Priority Landing,24.7
Rain,Cruise,Substantial,2,0,0,3,227,Runway Incursion,77.5,High,Holding Pattern,20.5
VMC,Landing,Substantial,2,0,2,1,93,Runway Incursion,81.5,Critical,Priority Landing,17.2
Rain,Landing,None,2,0,0,0,92,Landing Gear Issue,55.0,High,Runway Change,15.1
VMC,Landing,Substantial,2,0,1,1,27,Fuel Low,85.5,Critical,Priority Landing,19.1
Windy,Landing,None,4,0,1,1,136,Near Collision,79.5,High,Go Around,19.5
Rain,Taxi,None,2,0,1,2,108,Fuel Low,55.0,High,Runway Change,13.8
VMC,Taxi,Substantial,2,0,0,1,248,Near Collision,80.5,Critical,Priority Landing,16.3
VMC,Approach,Minor,1,0,0,1,208,Engine Failure,67.0,High,Runway Change,15.9
VMC,Climb,None,3,0,0,1,124,Engine Failure,49.0,Medium,Continue Monitoring,15.9
Storm,Approach,Substantial,2,0,0,1,150,Bird Strike,98.5,Critical,Priority Landing,27.6
IMC,Landing,Substantial,2,0,1,1,164,Cabin Pressure Failure,100.0,Critical,Priority Landing,24.2
Fog,Takeoff,None,2,0,0,3,227,Landing Gear Issue,61.5,High,Runway Change,19.0
Rain,Landing,Minor,2,0,0,2,248,Cabin Pressure Failure,88.0,Critical,Priority Landing,16.4
IMC,Approach,Substantial,4,0,0,1,116,Cabin Pressure Failure,96.5,Critical,Priority Landing,26.7
VMC,Taxi,Minor,2,0,0,0,104,Near Collision,61.0,High,Go Around,12.8
Windy,Climb,Destroyed,1,0,0,1,184,Landing Gear Issue,95.0,Critical,Priority Landing,20.5
VMC,Taxi,Minor,1,0,2,1,82,Cabin Pressure Failure,68.0,High,Emergency Descent,16.1
IMC,Cruise,None,1,0,1,0,52,Near Collision,70.5,High,Go Around,25.9
Rain,Approach,None,2,0,0,0,85,Medical Emergency,48.0,Medium,Continue Monitoring,9.6
Rain,Approach,Substantial,4,0,2,3,92,Landing Gear Issue,89.5,Critical,Priority Landing,17.9
Windy,Approach,Destroyed,4,0,0,1,161,Medical Emergency,91.5,Critical,Priority Landing,19.0
VMC,Taxi,None,2,0,0,1,189,Landing Gear Issue,28.5,Low,Continue Monitoring,6.9
IMC,Climb,None,2,1,0,1,57,Landing Gear Issue,57.5,High,Holding Pattern,22.1
VMC,Landing,Substantial,4,0,1,2,30,Landing Gear Issue,76.0,High,Runway Change,16.1
IMC,Taxi,None,2,0,2,1,57,Fuel Low,57.5,High,Runway Change,16.9
VMC,Climb,None,2,1,2,2,229,Fuel Low,62.0,High,Holding Pattern,19.3
VMC,Climb,Substantial,2,0,0,2,79,Runway Incursion,67.0,High,Holding Pattern,17.5
VMC,Cruise,Substantial,1,0,2,0,141,Landing Gear Issue,69.5,High,Holding Pattern,20.4
VMC,Landing,Substantial,3,0,1,2,144,Cabin Pressure Failure,95.5,Critical,Priority Landing,19.2
VMC,Taxi,Minor,4,0,1,0,83,Runway Incursion,40.0,Medium,Continue Monitoring,8.8
Rain,Landing,None,2,2,0,0,214,Medical Emergency,71.0,High,Runway Change,13.1
Rain,Landing,Substantial,2,0,1,0,34,Runway Incursion,89.0,Critical,Priority Landing,23.7
VMC,Cruise,None,2,0,0,0,141,Medical Emergency,28.0,Low,Continue Monitoring,11.4
VMC,Approach,None,1,0,0,1,115,Cabin Pressure Failure,58.0,High,Emergency Descent,14.9
VMC,Climb,Substantial,2,0,0,1,200,Cabin Pressure Failure,83.5,Critical,Priority Landing,22.0
IMC,Cruise,Minor,2,0,1,2,65,Runway Incursion,62.0,High,Holding Pattern,22.5
VMC,Climb,Substantial,4,0,1,1,240,Runway Incursion,66.5,High,Holding Pattern,19.1
VMC,Takeoff,None,1,0,1,0,202,Runway Incursion,45.5,Medium,Continue Monitoring,16.0
VMC,Taxi,Destroyed,2,1,0,1,190,Engine Failure,97.5,Critical,Priority Landing,19.5
IMC,Landing,Minor,2,0,2,2,133,Bird Strike,83.0,Critical,Priority Landing,19.8
VMC,Approach,Minor,2,0,0,1,167,Landing Gear Issue,50.5,Medium,Continue Monitoring,11.1
IMC,Takeoff,Substantial,2,0,0,4,67,Bird Strike,94.0,Critical,Priority Landing,22.3
IMC,Takeoff,None,4,0,1,0,21,Runway Incursion,54.0,Medium,Continue Monitoring,19.2
Rain,Takeoff,Minor,2,0,1,0,191,Near Collision,91.0,Critical,Priority Landing,22.0
Rain,Landing,Minor,2,0,1,1,123,Fuel Low,80.5,Critical,Priority Landing,16.6
Rain,Climb,Substantial,1,0,0,3,101,Engine Failure,98.0,Critical,Priority Landing,21.9
VMC,Climb,Substantial,2,1,1,0,81,Engine Failure,92.0,Critical,Priority Landing,22.9
Fog,Taxi,Minor,2,0,1,1,162,Landing Gear Issue,61.5,High,Runway Change,21.9
IMC,Taxi,None,2,0,0,3,137,Engine Failure,59.5,High,Runway Change,13.1
VMC,Landing,None,2,0,1,1,175,Near Collision,69.5,High,Go Around,17.6
Rain,Climb,Destroyed,2,0,0,3,238,Bird Strike,100.0,Critical,Priority Landing,22.8
VMC,Approach,Destroyed,2,0,0,1,212,Medical Emergency,81.5,Critical,Priority Landing,20.8
IMC,Climb,Destroyed,3,0,0,1,93,Engine Failure,100.0,Critical,Priority Landing,26.8
Rain,Taxi,None,2,0,1,1,75,Near Collision,67.5,High,Go Around,15.6
Windy,Takeoff,None,2,0,0,1,56,Engine Failure,69.5,High,Runway Change,13.5
Windy,Landing,Substantial,2,0,0,1,150,Near Collision,100.0,Critical,Priority Landing,20.0
IMC,Approach,Substantial,2,1,2,2,209,Landing Gear Issue,100.0,Critical,Priority Landing,28.8
IMC,Landing,None,3,0,0,1,78,Near Collision,77.0,High,Go Around,23.5
Fog,Cruise,Minor,2,1,0,2,247,Near Collision,93.0,Critical,Priority Landing,26.9
VMC,Takeoff,None,2,0,0,1,118,Landing Gear Issue,41.5,Medium,Continue Monitoring,9.7
Fog,Landing,Minor,4,1,1,3,199,Runway Incursion,85.5,Critical,Priority Landing,19.6
IMC,Approach,None,2,0,0,0,88,Near Collision,72.0,High,Go Around,20.2
VMC,Cruise,None,2,0,0,2,51,Cabin Pressure Failure,51.0,Medium,Emergency Descent,16.1
VMC,Cruise,None,4,0,1,0,137,Medical Emergency,29.0,Low,Continue Monitoring,12.1
Fog,Cruise,Substantial,1,0,0,0,146,Cabin Pressure Failure,96.5,Critical,Priority Landing,28.2
VMC,Cruise,Minor,2,0,2,1,130,Engine Failure,66.5,High,Holding Pattern,16.7
VMC,Climb,Substantial,4,0,1,1,113,Landing Gear Issue,66.5,High,Holding Pattern,18.8
VMC,Climb,Minor,2,0,0,3,169,Landing Gear Issue,50.5,Medium,Continue Monitoring,16.0
VMC,Climb,None,2,1,0,0,165,Fuel Low,51.0,Medium,Continue Monitoring,18.8
VMC,Takeoff,None,2,0,1,0,54,Runway Incursion,44.0,Medium,Continue Monitoring,15.7
Rain,Taxi,Minor,4,1,0,0,173,Near Collision,80.0,Critical,Priority Landing,18.1
VMC,Climb,None,4,0,0,2,96,Runway Incursion,34.0,Medium,Continue Monitoring,11.6
Fog,Takeoff,Minor,4,0,1,1,205,Landing Gear Issue,71.5,High,Runway Change,20.7
Windy,Takeoff,Substantial,1,0,1,2,134,Near Collision,100.0,Critical,Priority Landing,20.8
VMC,Taxi,Substantial,2,0,0,0,75,Landing Gear Issue,57.0,High,Runway Change,12.8
VMC,Cruise,None,4,0,0,1,61,Fuel Low,36.5,Medium,Continue Monitoring,13.5
Rain,Climb,Minor,2,1,0,1,241,Medical Emergency,67.5,High,Holding Pattern,17.1
VMC,Cruise,None,2,0,0,2,185,Bird Strike,38.0,Medium,Continue Monitoring,15.1
VMC,Takeoff,None,1,0,0,0,69,Runway Incursion,41.5,Medium,Continue Monitoring,11.3
Storm,Climb,Minor,4,1,2,1,135,Fuel Low,94.5,Critical,Priority Landing,28.5
Storm,Climb,Minor,1,0,1,1,48,Cabin Pressure Failure,96.0,Critical,Priority Landing,27.9
Fog,Landing,Minor,2,0,1,1,211,Bird Strike,81.5,Critical,Priority Landing,21.2
VMC,Takeoff,None,4,0,0,2,210,Fuel Low,48.0,Medium,Continue Monitoring,10.7
Rain,Cruise,Destroyed,4,1,0,0,204,Near Collision,100.0,Critical,Priority Landing,24.5
Rain,Landing,Destroyed,4,0,0,0,126,Fuel Low,100.0,Critical,Priority Landing,20.9
VMC,Taxi,Minor,2,0,1,0,58,Cabin Pressure Failure,61.0,High,Emergency Descent,15.4
Rain,Approach,Substantial,2,0,0,0,132,Medical Emergency,78.0,High,Runway Change,18.0
VMC,Climb,None,2,0,1,1,137,Cabin Pressure Failure,57.5,High,Emergency Descent,14.6
VMC,Cruise,Minor,1,0,0,4,93,Fuel Low,57.5,High,Holding Pattern,17.5
IMC,Climb,Substantial,4,0,0,1,106,Medical Emergency,73.5,High,Holding Pattern,21.5
VMC,Approach,Substantial,2,0,0,0,30,Engine Failure,82.0,Critical,Priority Landing,17.5
VMC,Climb,Substantial,2,0,1,2,140,Cabin Pressure Failure,89.0,Critical,Priority Landing,22.4
Fog,Approach,Minor,1,0,0,1,64,Engine Failure,84.0,Critical,Priority Landing,19.0
Storm,Approach,Substantial,2,0,0,1,213,Near Collision,100.0,Critical,Priority Landing,26.2
IMC,Taxi,Minor,4,0,2,2,195,Runway Incursion,60.0,High,Runway Change,19.1
Fog,Cruise,None,2,1,1,3,158,Medical Emergency,62.5,High,Holding Pattern,21.9
Storm,Taxi,None,1,1,0,1,71,Landing Gear Issue,64.0,High,Runway Change,18.7
VMC,Cruise,Substantial,2,0,2,3,173,Medical Emergency,70.5,High,Holding Pattern,18.9
VMC,Landing,Minor,2,1,1,0,248,Runway Incursion,67.0,High,Runway Change,14.1
VMC,Approach,Minor,1,0,1,0,165,Cabin Pressure Failure,72.5,High,Emergency Descent,16.5
VMC,Landing,Substantial,4,0,0,0,200,Cabin Pressure Failure,87.0,Critical,Priority Landing,18.6
Fog,Cruise,Minor,2,0,1,0,227,Medical Emergency,61.0,High,Holding Pattern,22.2
VMC,Landing,None,1,0,0,1,215,Landing Gear Issue,45.0,Medium,Continue Monitoring,9.7
IMC,Cruise,None,2,0,0,2,57,Near Collision,68.0,High,Go Around,23.7
VMC,Cruise,Minor,2,0,1,1,220,Medical Emergency,45.5,Medium,Continue Monitoring,15.5
VMC,Cruise,Substantial,2,0,0,0,196,Runway Incursion,60.0,High,Holding Pattern,17.5
Windy,Landing,Minor,2,0,1,1,185,Medical Emergency,70.5,High,Runway Change,15.8
VMC,Approach,Minor,1,0,0,1,72,Landing Gear Issue,52.0,Medium,Continue Monitoring,14.5
VMC,Takeoff,Minor,2,0,0,1,127,Medical Emergency,51.5,Medium,Continue Monitoring,9.9
VMC,Landing,Minor,3,0,1,2,227,Runway Incursion,59.5,High,Runway Change,15.6
IMC,Landing,Substantial,4,0,0,1,230,Fuel Low,91.5,Critical,Priority Landing,25.0
IMC,Takeoff,None,2,0,0,1,46,Cabin Pressure Failure,72.5,High,Emergency Descent,21.6
IMC,Taxi,Substantial,2,1,2,0,118,Cabin Pressure Failure,100.0,Critical,Priority Landing,26.8
VMC,Approach,Minor,2,1,2,2,159,Cabin Pressure Failure,87.0,Critical,Priority Landing,18.4
VMC,Takeoff,None,2,0,0,1,42,Medical Emergency,39.5,Medium,Continue Monitoring,10.6
Fog,Cruise,Minor,2,0,0,1,76,Engine Failure,75.5,High,Holding Pattern,25.9
Rain,Taxi,Minor,2,0,1,1,157,Landing Gear Issue,57.5,High,Runway Change,15.2
Rain,Climb,Minor,2,0,0,2,170,Bird Strike,67.0,High,Holding Pattern,19.5
Rain,Taxi,Substantial,4,0,0,0,44,Bird Strike,72.0,High,Runway Change,13.9
Fog,Cruise,None,4,0,0,2,117,Runway Incursion,47.0,Medium,Continue Monitoring,20.5
VMC,Climb,None,2,1,0,3,170,Engine Failure,62.5,High,Holding Pattern,20.6
VMC,Cruise,None,2,1,0,0,247,Runway Incursion,39.0,Medium,Continue Monitoring,16.0
IMC,Approach,None,1,1,1,2,249,Fuel Low,75.5,High,Runway Change,22.1
VMC,Landing,Minor,2,0,0,1,91,Near Collision,77.5,High,Go Around,14.8
Fog,Taxi,Substantial,2,0,0,2,175,Bird Strike,82.0,Critical,Priority Landing,24.6
IMC,Climb,Minor,1,1,0,2,147,Near Collision,94.5,Critical,Priority Landing,27.7
Fog,Taxi,None,2,0,0,1,68,Landing Gear Issue,45.5,Medium,Continue Monitoring,11.1
Windy,Approach,None,2,1,1,2,136,Cabin Pressure Failure,84.0,Critical,Priority Landing,19.9
IMC,Takeoff,None,2,0,2,2,51,Cabin Pressure Failure,82.0,Critical,Priority Landing,19.8
Windy,Taxi,Minor,2,0,1,1,47,Cabin Pressure Failure,75.5,High,Emergency Descent,15.0
IMC,Cruise,None,1,0,0,0,101,Fuel Low,52.5,Medium,Continue Monitoring,19.2
Windy,Approach,Minor,1,0,0,1,80,Cabin Pressure Failure,83.0,Critical,Priority Landing,21.5
VMC,Landing,Substantial,2,0,0,3,53,Near Collision,98.5,Critical,Priority Landing,21.0
IMC,Takeoff,Minor,2,0,1,3,31,Engine Failure,88.5,Critical,Priority Landing,24.5
IMC,Climb,None,1,0,0,1,151,Medical Emergency,48.0,Medium,Continue Monitoring,23.1
VMC,Landing,None,2,0,0,1,21,Cabin Pressure Failure,61.5,High,Emergency Descent,18.3
VMC,Climb,Minor,2,1,0,1,200,Bird Strike,61.5,High,Holding Pattern,17.9
Windy,Takeoff,Minor,2,0,1,1,36,Medical Emergency,68.5,High,Runway Change,15.8
Rain,Takeoff,None,3,0,0,2,171,Medical Emergency,52.5,Medium,Continue Monitoring,10.9
VMC,Landing,Substantial,2,0,0,3,54,Cabin Pressure Failure,94.5,Critical,Priority Landing,19.6
VMC,Takeoff,Minor,2,0,1,1,161,Fuel Low,65.5,High,Runway Change,16.6
VMC,Takeoff,Minor,2,0,0,3,52,Landing Gear Issue,56.5,High,Runway Change,15.0
VMC,Approach,None,2,0,0,4,120,Near Collision,65.0,High,Go Around,15.9
Windy,Takeoff,None,1,0,0,1,171,Near Collision,78.0,High,Go Around,20.0
VMC,Approach,None,1,0,1,0,59,Runway Incursion,42.5,Medium,Continue Monitoring,10.1
VMC,Approach,None,3,0,0,2,50,Engine Failure,53.5,Medium,Continue Monitoring,13.5
IMC,Approach,Minor,2,0,1,2,166,Fuel Low,77.0,High,Runway Change,23.3
VMC,Cruise,Minor,2,0,0,0,167,Bird Strike,47.0,Medium,Continue Monitoring,16.6
VMC,Landing,Substantial,2,0,0,1,116,Cabin Pressure Failure,91.5,Critical,Priority Landing,22.6
Rain,Approach,Substantial,2,0,0,0,48,Fuel Low,88.0,Critical,Priority Landing,20.6
Rain,Cruise,None,3,1,2,1,90,Near Collision,82.0,Critical,Priority Landing,21.1
Storm,Takeoff,None,2,0,1,1,70,Landing Gear Issue,70.5,High,Runway Change,21.4
Rain,Climb,Substantial,1,0,0,2,171,Fuel Low,89.5,Critical,Priority Landing,21.1
IMC,Takeoff,Destroyed,2,0,1,1,89,Fuel Low,100.0,Critical,Priority Landing,22.7
Fog,Takeoff,Substantial,2,1,0,0,107,Medical Emergency,94.0,Critical,Priority Landing,26.1
Windy,Climb,None,2,0,0,0,80,Medical Emergency,45.0,Medium,Continue Monitoring,15.0
Rain,Climb,None,2,0,0,1,58,Fuel Low,56.5,High,Holding Pattern,17.8
Storm,Takeoff,None,2,1,1,0,206,Fuel Low,86.0,Critical,Priority Landing,20.1
Fog,Climb,Substantial,2,0,0,0,131,Fuel Low,89.0,Critical,Priority Landing,26.3
Windy,Approach,Minor,4,0,1,2,151,Medical Emergency,64.0,High,Runway Change,14.3
VMC,Climb,Minor,2,0,0,1,86,Medical Emergency,45.5,Medium,Continue Monitoring,13.5
Rain,Climb,Minor,2,0,0,0,40,Medical Emergency,57.0,High,Holding Pattern,12.7
VMC,Takeoff,None,1,0,0,1,188,Fuel Low,51.0,Medium,Continue Monitoring,12.5
IMC,Takeoff,Minor,2,0,0,1,186,Near Collision,88.5,Critical,Priority Landing,25.7
Rain,Takeoff,None,2,0,0,2,30,Medical Emergency,54.0,Medium,Continue Monitoring,14.5
Storm,Cruise,Minor,2,0,0,1,223,Bird Strike,73.5,High,Holding Pattern,23.0
Storm,Approach,Minor,2,0,0,0,216,Runway Incursion,74.0,High,Runway Change,21.3
VMC,Landing,Minor,2,0,2,0,215,Landing Gear Issue,62.0,High,Runway Change,16.7
Rain,Approach,None,2,0,3,1,126,Medical Emergency,61.5,High,Runway Change,9.5
Rain,Approach,Substantial,2,0,0,2,179,Cabin Pressure Failure,100.0,Critical,Priority Landing,21.8
VMC,Taxi,Minor,3,0,0,1,23,Landing Gear Issue,39.0,Medium,Continue Monitoring,12.1
VMC,Climb,None,2,1,1,1,157,Fuel Low,56.5,High,Holding Pattern,18.5
VMC,Landing,None,2,0,2,1,50,Bird Strike,56.5,High,Runway Change,17.6
Fog,Taxi,Minor,4,0,0,2,229,Fuel Low,64.0,High,Runway Change,21.8
IMC,Approach,None,1,0,1,1,237,Medical Emergency,55.0,High,Runway Change,18.5
Storm,Taxi,None,2,0,2,1,54,Medical Emergency,59.5,High,Runway Change,19.3
IMC,Takeoff,None,4,0,0,1,143,Cabin Pressure Failure,69.5,High,Emergency Descent,22.1
Storm,Taxi,None,2,0,0,0,156,Fuel Low,60.0,High,Runway Change,17.7
VMC,Approach,Minor,2,0,1,0,196,Cabin Pressure Failure,71.0,High,Emergency Descent,16.7
Fog,Climb,Minor,4,0,0,0,132,Engine Failure,75.0,High,Holding Pattern,26.3
VMC,Takeoff,None,2,0,0,2,223,Landing Gear Issue,43.0,Medium,Continue Monitoring,15.7
IMC,Landing,Minor,2,0,0,1,99,Fuel Low,76.5,High,Runway Change,21.5
Fog,Cruise,None,2,0,0,4,93,Fuel Low,61.0,High,Holding Pattern,21.9
Windy,Climb,None,2,1,0,2,187,Bird Strike,64.0,High,Holding Pattern,18.9
Fog,Cruise,None,2,0,1,1,145,Medical Emergency,50.5,Medium,Continue Monitoring,22.8
VMC,Taxi,Substantial,2,0,2,2,38,Landing Gear Issue,68.0,High,Runway Change,16.2
VMC,Cruise,Destroyed,4,0,0,0,169,Cabin Pressure Failure,90.0,Critical,Priority Landing,26.1
VMC,Takeoff,Minor,2,0,0,1,84,Near Collision,75.5,High,Go Around,15.7
VMC,Climb,None,2,0,0,1,213,Cabin Pressure Failure,53.5,Medium,Emergency Descent,16.3
Rain,Takeoff,None,4,0,0,1,212,Fuel Low,59.5,High,Runway Change,14.3
Rain,Landing,None,3,0,0,0,116,Runway Incursion,53.5,Medium,Continue Monitoring,15.2
Fog,Landing,Substantial,2,0,0,1,216,Fuel Low,98.5,Critical,Priority Landing,27.8
Windy,Taxi,None,1,1,0,1,238,Runway Incursion,52.0,Medium,Continue Monitoring,10.3
Rain,Approach,Destroyed,2,1,0,0,187,Landing Gear Issue,100.0,Critical,Priority Landing,20.2
Fog,Landing,Minor,3,0,1,2,159,Engine Failure,91.5,Critical,Priority Landing,25.1
VMC,Cruise,Minor,2,0,0,1,234,Bird Strike,48.5,Medium,Continue Monitoring,14.4
VMC,Approach,Substantial,2,0,0,0,220,Runway Incursion,67.0,High,Runway Change,13.0
Rain,Takeoff,None,2,0,0,3,129,Engine Failure,72.5,High,Runway Change,19.1
Windy,Approach,Substantial,2,0,0,2,39,Near Collision,100.0,Critical,Priority Landing,23.0
VMC,Approach,None,2,0,0,0,158,Bird Strike,42.0,Medium,Continue Monitoring,12.5
IMC,Takeoff,Substantial,4,0,0,1,126,Cabin Pressure Failure,99.5,Critical,Priority Landing,25.0
Rain,Approach,Minor,2,0,0,1,104,Near Collision,85.5,Critical,Priority Landing,21.4
VMC,Landing,None,2,0,1,1,61,Fuel Low,55.5,High,Runway Change,13.5
VMC,Cruise,Substantial,2,0,0,2,184,Runway Incursion,63.0,High,Holding Pattern,20.5
Windy,Approach,None,2,0,0,2,229,Landing Gear Issue,53.0,Medium,Continue Monitoring,11.7
Rain,Climb,None,2,0,2,1,157,Bird Strike,61.5,High,Holding Pattern,16.4
VMC,Climb,Substantial,2,1,0,0,74,Near Collision,95.0,Critical,Priority Landing,24.5
Windy,Takeoff,Minor,2,0,0,0,20,Near Collision,87.0,Critical,Priority Landing,18.3
VMC,Climb,Substantial,2,0,1,0,183,Fuel Low,76.0,High,Holding Pattern,22.0
Windy,Landing,Minor,2,0,1,2,56,Runway Incursion,74.0,High,Runway Change,17.8
VMC,Taxi,Minor,1,0,0,2,34,Fuel Low,51.5,Medium,Continue Monitoring,11.4
IMC,Approach,None,2,0,0,0,65,Fuel Low,58.0,High,Runway Change,18.6
VMC,Approach,None,2,0,0,2,66,Near Collision,62.0,High,Go Around,14.5
VMC,Approach,Destroyed,2,1,0,1,98,Engine Failure,100.0,Critical,Priority Landing,23.8
Windy,Cruise,None,2,0,1,2,93,Landing Gear Issue,50.0,Medium,Continue Monitoring,14.7
VMC,Cruise,Minor,2,0,0,2,65,Medical Emergency,43.0,Medium,Continue Monitoring,13.9
VMC,Approach,None,4,0,2,1,199,Medical Emergency,41.5,Medium,Continue Monitoring,13.9
VMC,Landing,None,4,0,1,0,210,Near Collision,65.0,High,Go Around,20.2
Rain,Cruise,Minor,2,0,1,0,77,Landing Gear Issue,59.0,High,Holding Pattern,21.6
Fog,Approach,Substantial,2,0,2,2,104,Runway Incursion,95.0,Critical,Priority Landing,25.2
Storm,Cruise,Substantial,2,0,0,2,207,Medical Emergency,86.0,Critical,Priority Landing,26.9
VMC,Climb,Substantial,2,0,1,0,239,Near Collision,90.0,Critical,Priority Landing,26.3
VMC,Climb,None,4,0,0,1,201,Medical Emergency,30.5,Medium,Continue Monitoring,12.2
VMC,Takeoff,Minor,1,0,1,2,147,Cabin Pressure Failure,78.5,High,Emergency Descent,16.2
IMC,Cruise,None,1,0,0,1,248,Near Collision,68.0,High,Go Around,23.5
Storm,Landing,Minor,2,0,0,1,187,Cabin Pressure Failure,98.5,Critical,Priority Landing,26.6
Rain,Landing,None,2,0,0,3,175,Engine Failure,74.5,High,Runway Change,15.8
IMC,Taxi,Minor,2,0,0,2,26,Engine Failure,70.0,High,Runway Change,17.3
VMC,Takeoff,None,2,1,1,2,166,Bird Strike,61.0,High,Runway Change,12.1
Windy,Landing,Substantial,1,0,2,2,86,Engine Failure,100.0,Critical,Priority Landing,23.3
IMC,Landing,Substantial,2,2,2,1,158,Near Collision,100.0,Critical,Priority Landing,24.5
VMC,Cruise,Substantial,2,0,0,0,151,Bird Strike,65.0,High,Holding Pattern,18.4
VMC,Climb,None,3,0,0,2,45,Bird Strike,40.5,Medium,Continue Monitoring,14.7
VMC,Cruise,Destroyed,2,1,0,2,126,Fuel Low,95.0,Critical,Priority Landing,25.3
VMC,Landing,None,2,0,0,2,138,Bird Strike,50.0,Medium,Continue Monitoring,12.3
VMC,Taxi,None,2,0,0,0,30,Runway Incursion,27.0,Low,Continue Monitoring,9.9
IMC,Approach,None,2,1,2,3,215,Engine Failure,86.5,Critical,Priority Landing,21.8
Rain,Approach,None,2,0,1,1,235,Bird Strike,60.5,High,Runway Change,14.2
VMC,Approach,Minor,2,0,0,4,24,Bird Strike,60.0,High,Runway Change,12.8
VMC,Takeoff,None,2,0,1,1,47,Engine Failure,60.5,High,Runway Change,17.2
Storm,Approach,None,2,0,0,1,49,Fuel Low,71.5,High,Runway Change,20.8
Fog,Takeoff,Minor,2,0,1,0,121,Bird Strike,78.0,High,Runway Change,20.6
IMC,Taxi,Substantial,2,0,0,2,158,Fuel Low,81.0,Critical,Priority Landing,21.9
VMC,Taxi,Minor,2,0,0,1,75,Bird Strike,45.5,Medium,Continue Monitoring,11.7
Windy,Approach,Minor,4,0,0,1,214,Landing Gear Issue,60.5,High,Runway Change,16.3
VMC,Cruise,None,2,0,0,0,91,Runway Incursion,30.0,Medium,Continue Monitoring,9.2
VMC,Landing,Substantial,2,0,0,1,90,Near Collision,95.5,Critical,Priority Landing,19.1
Windy,Approach,None,2,0,2,2,155,Cabin Pressure Failure,79.0,High,Emergency Descent,17.5
IMC,Landing,None,2,1,0,1,220,Near Collision,87.5,Critical,Priority Landing,28.8
Rain,Approach,None,2,1,0,0,77,Landing Gear Issue,59.0,High,Runway Change,16.5
IMC,Climb,Minor,2,0,0,3,97,Bird Strike,68.5,High,Holding Pattern,23.1
Rain,Takeoff,None,2,0,0,1,97,Cabin Pressure Failure,72.5,High,Emergency Descent,18.5
VMC,Climb,Minor,2,0,0,0,127,Bird Strike,51.0,Medium,Continue Monitoring,20.3
VMC,Approach,None,4,0,0,0,118,Medical Emergency,32.0,Medium,Continue Monitoring,9.3
VMC,Cruise,Minor,2,0,0,0,239,Landing Gear Issue,42.0,Medium,Continue Monitoring,13.8
VMC,Approach,Minor,3,0,0,1,53,Near Collision,71.0,High,Go Around,19.2
Windy,Climb,None,2,0,1,1,116,Near Collision,74.5,High,Go Around,21.4
VMC,Taxi,None,2,0,0,0,78,Engine Failure,42.0,Medium,Continue Monitoring,12.9
IMC,Cruise,Minor,1,0,0,2,157,Runway Incursion,59.5,High,Holding Pattern,20.7
Fog,Taxi,Minor,2,0,1,1,199,Near Collision,83.5,Critical,Priority Landing,26.9
Fog,Cruise,None,2,1,0,2,235,Fuel Low,67.0,High,Holding Pattern,26.5
VMC,Cruise,Minor,2,0,0,2,120,Fuel Low,53.0,Medium,Continue Monitoring,17.7
IMC,Approach,None,4,0,1,1,80,Cabin Pressure Failure,70.5,High,Emergency Descent,22.1
Storm,Climb,None,4,1,0,0,241,Runway Incursion,65.0,High,Holding Pattern,18.6
Rain,Climb,None,1,0,0,0,41,Cabin Pressure Failure,66.5,High,Emergency Descent,20.2
Fog,Cruise,Minor,2,0,0,3,50,Runway Incursion,63.5,High,Holding Pattern,22.0
Windy,Landing,None,2,0,0,1,240,Bird Strike,61.5,High,Runway Change,15.9
Fog,Takeoff,Minor,4,0,0,1,223,Near Collision,89.5,Critical,Priority Landing,25.5
VMC,Cruise,None,2,0,0,0,148,Runway Incursion,30.0,Medium,Continue Monitoring,11.7
IMC,Landing,Substantial,2,0,0,0,95,Near Collision,100.0,Critical,Priority Landing,22.6
VMC,Landing,None,2,0,1,2,242,Fuel Low,57.0,High,Runway Change,15.0
Rain,Cruise,Minor,2,1,0,2,240,Medical Emergency,65.0,High,Holding Pattern,17.2
Storm,Takeoff,Substantial,2,0,2,1,219,Medical Emergency,100.0,Critical,Priority Landing,25.3
IMC,Takeoff,None,2,0,1,1,197,Fuel Low,66.5,High,Runway Change,18.8
VMC,Cruise,None,1,0,1,0,156,Bird Strike,40.5,Medium,Continue Monitoring,13.6
VMC,Landing,Minor,1,0,1,3,105,Bird Strike,69.0,High,Runway Change,11.8
Storm,Takeoff,Destroyed,1,0,0,1,128,Near Collision,100.0,Critical,Priority Landing,28.4
VMC,Taxi,Destroyed,2,0,0,1,144,Bird Strike,78.5,High,Runway Change,18.6
VMC,Landing,None,4,0,0,0,130,Runway Incursion,39.0,Medium,Continue Monitoring,13.2
VMC,Takeoff,Substantial,2,0,0,0,218,Runway Incursion,70.0,High,Runway Change,20.6
VMC,Cruise,None,2,0,1,1,58,Medical Emergency,33.5,Medium,Continue Monitoring,13.1
IMC,Climb,None,2,0,1,1,39,Fuel Low,60.5,High,Holding Pattern,18.3
IMC,Taxi,Minor,2,0,0,0,124,Landing Gear Issue,52.0,Medium,Continue Monitoring,15.6
VMC,Approach,Minor,4,0,0,1,67,Engine Failure,62.5,High,Runway Change,12.8
VMC,Climb,Minor,2,0,0,0,208,Fuel Low,54.0,Medium,Continue Monitoring,15.7
VMC,Climb,Substantial,4,0,1,1,215,Near Collision,88.5,Critical,Priority Landing,23.1
VMC,Approach,None,2,0,0,2,247,Runway Incursion,40.0,Medium,Continue Monitoring,7.2
VMC,Takeoff,Minor,2,0,0,2,108,Medical Emergency,53.0,Medium,Continue Monitoring,14.2
Rain,Climb,None,2,1,0,2,240,Near Collision,81.0,Critical,Priority Landing,18.6
VMC,Takeoff,None,2,0,0,1,43,Bird Strike,46.5,Medium,Continue Monitoring,13.0
VMC,Approach,None,2,0,0,1,241,Landing Gear Issue,38.5,Medium,Continue Monitoring,10.7
VMC,Landing,Destroyed,4,0,0,1,76,Cabin Pressure Failure,100.0,Critical,Priority Landing,21.4
VMC,Cruise,Minor,4,0,0,0,24,Near Collision,61.0,High,Go Around,17.8
VMC,Takeoff,None,2,0,1,3,209,Bird Strike,53.5,Medium,Continue Monitoring,12.6
VMC,Cruise,Minor,4,0,0,1,138,Medical Emergency,38.5,Medium,Continue Monitoring,12.7
Windy,Taxi,Destroyed,4,0,0,1,114,Near Collision,100.0,Critical,Priority Landing,18.6
VMC,Climb,Substantial,2,1,0,0,66,Medical Emergency,71.0,High,Holding Pattern,19.7
IMC,Takeoff,Minor,1,1,1,1,115,Landing Gear Issue,81.0,Critical,Priority Landing,26.3
IMC,Takeoff,None,2,0,1,1,161,Runway Incursion,58.5,High,Runway Change,22.5
VMC,Landing,Minor,1,0,0,2,53,Bird Strike,63.5,High,Runway Change,18.1
VMC,Takeoff,Substantial,1,0,0,2,237,Runway Incursion,74.5,High,Runway Change,18.8
Fog,Approach,Substantial,4,0,0,4,186,Medical Emergency,85.0,Critical,Priority Landing,21.9
Fog,Taxi,Substantial,2,2,2,2,221,Cabin Pressure Failure,100.0,Critical,Priority Landing,28.9
VMC,Approach,Minor,2,0,0,2,30,Medical Emergency,50.0,Medium,Continue Monitoring,12.9
VMC,Cruise,None,2,0,0,2,219,Near Collision,55.0,High,Go Around,16.8
VMC,Climb,Minor,2,0,1,0,219,Medical Emergency,48.0,Medium,Continue Monitoring,15.1
IMC,Takeoff,None,2,0,0,1,104,Medical Emergency,52.5,Medium,Continue Monitoring,17.6
Rain,Takeoff,None,2,0,0,1,151,Cabin Pressure Failure,72.5,High,Emergency Descent,16.2
VMC,Taxi,Minor,2,0,1,0,135,Bird Strike,48.0,Medium,Continue Monitoring,12.5
VMC,Takeoff,Minor,2,0,0,0,210,Medical Emergency,50.0,Medium,Continue Monitoring,10.8
Windy,Takeoff,Substantial,2,0,1,0,84,Engine Failure,100.0,Critical,Priority Landing,21.3
VMC,Landing,Substantial,2,0,1,1,231,Engine Failure,92.5,Critical,Priority Landing,25.2
IMC,Cruise,Substantial,1,1,0,0,147,Near Collision,100.0,Critical,Priority Landing,28.9
Rain,Cruise,Substantial,2,0,0,2,20,Fuel Low,84.0,Critical,Priority Landing,21.6
VMC,Landing,Minor,2,0,0,1,89,Near Collision,77.5,High,Go Around,19.0
VMC,Approach,None,2,0,0,5,52,Runway Incursion,44.5,Medium,Continue Monitoring,13.4
VMC,Taxi,Minor,3,0,0,2,206,Near Collision,62.5,High,Go Around,13.0
Windy,Cruise,None,2,0,0,3,114,Medical Emergency,45.5,Medium,Continue Monitoring,14.8
VMC,Landing,None,4,0,0,1,126,Cabin Pressure Failure,58.5,High,Emergency Descent,16.4
VMC,Taxi,None,4,0,1,1,100,Runway Incursion,29.5,Low,Continue Monitoring,9.8
VMC,Cruise,Substantial,2,0,0,1,181,Fuel Low,69.5,High,Holding Pattern,19.8
VMC,Climb,Minor,2,0,0,1,248,Medical Emergency,45.5,Medium,Continue Monitoring,18.3
Rain,Taxi,Substantial,1,1,0,2,220,Bird Strike,88.5,Critical,Priority Landing,18.6
VMC,Climb,Destroyed,4,0,1,2,247,Bird Strike,88.0,Critical,Priority Landing,23.0
IMC,Takeoff,Substantial,2,0,2,1,88,Engine Failure,100.0,Critical,Priority Landing,25.0
IMC,Approach,None,1,0,0,0,172,Engine Failure,66.5,High,Runway Change,23.0
Fog,Taxi,Substantial,2,0,1,1,163,Bird Strike,84.5,Critical,Priority Landing,19.3
VMC,Takeoff,Substantial,1,0,0,2,89,Runway Incursion,74.5,High,Runway Change,16.1
Windy,Taxi,Substantial,2,0,0,3,214,Near Collision,96.5,Critical,Priority Landing,20.3
Rain,Landing,None,2,1,0,0,231,Engine Failure,79.0,High,Runway Change,19.5
VMC,Taxi,None,1,0,1,3,238,Runway Incursion,37.0,Medium,Continue Monitoring,11.9
Fog,Cruise,Substantial,3,0,0,1,247,Runway Incursion,77.0,High,Holding Pattern,27.7
Windy,Climb,None,2,1,0,2,57,Landing Gear Issue,59.0,High,Holding Pattern,14.5
VMC,Approach,None,2,0,2,0,53,Landing Gear Issue,45.0,Medium,Continue Monitoring,13.6
Windy,Takeoff,Minor,2,0,0,0,176,Engine Failure,80.0,Critical,Priority Landing,17.8
IMC,Taxi,None,4,0,0,0,186,Cabin Pressure Failure,55.0,High,Emergency Descent,16.6
Rain,Approach,None,2,0,0,0,120,Runway Incursion,50.0,Medium,Continue Monitoring,14.1
Storm,Cruise,Destroyed,4,0,0,0,57,Bird Strike,100.0,Critical,Priority Landing,27.2
VMC,Approach,Substantial,2,0,0,1,85,Cabin Pressure Failure,86.5,Critical,Priority Landing,15.4
Fog,Landing,Substantial,4,0,1,1,49,Engine Failure,100.0,Critical,Priority Landing,25.3
VMC,Approach,None,2,0,0,0,56,Fuel Low,45.0,Medium,Continue Monitoring,9.1
Fog,Taxi,None,2,0,0,1,63,Landing Gear Issue,45.5,Medium,Continue Monitoring,14.9
Rain,Taxi,None,1,0,0,0,154,Near Collision,63.5,High,Go Around,16.2
VMC,Taxi,Minor,4,1,0,2,138,Fuel Low,56.0,High,Runway Change,14.7
VMC,Approach,None,4,1,0,1,96,Landing Gear Issue,44.5,Medium,Continue Monitoring,15.2
VMC,Landing,Substantial,2,0,0,0,144,Bird Strike,77.0,High,Runway Change,17.5
VMC,Climb,Destroyed,2,0,0,0,173,Medical Emergency,77.0,High,Holding Pattern,17.8
VMC,Takeoff,Minor,2,0,2,2,42,Medical Emergency,61.0,High,Runway Change,13.5
VMC,Cruise,None,2,0,1,2,84,Near Collision,59.0,High,Go Around,15.8
VMC,Taxi,None,2,0,2,1,66,Fuel Low,44.5,Medium,Continue Monitoring,9.6
VMC,Takeoff,None,2,1,0,2,20,Fuel Low,60.0,High,Runway Change,15.7
Rain,Approach,None,2,1,0,1,46,Near Collision,82.5,Critical,Priority Landing,17.6
Rain,Climb,Minor,1,0,0,0,196,Bird Strike,65.5,High,Holding Pattern,14.8
Rain,Cruise,None,4,0,0,1,221,Bird Strike,46.5,Medium,Continue Monitoring,16.8
VMC,Takeoff,Minor,1,0,0,0,57,Bird Strike,58.5,High,Runway Change,14.3
Windy,Landing,Substantial,2,0,1,0,196,Fuel Low,97.0,Critical,Priority Landing,22.2
IMC,Landing,None,1,0,0,1,78,Engine Failure,73.0,High,Runway Change,21.4
VMC,Landing,None,1,0,0,2,52,Engine Failure,61.5,High,Runway Change,16.3
VMC,Landing,None,1,0,1,0,74,Near Collision,69.5,High,Go Around,16.6
Rain,Climb,None,2,0,0,1,231,Cabin Pressure Failure,66.5,High,Emergency Descent,21.4
VMC,Approach,Minor,2,1,1,3,98,Bird Strike,71.5,High,Runway Change,17.7
IMC,Takeoff,Substantial,2,0,0,1,190,Fuel Low,92.5,Critical,Priority Landing,25.4
Storm,Cruise,Substantial,2,0,0,0,131,Near Collision,100.0,Critical,Priority Landing,29.8
VMC,Approach,Minor,2,0,0,3,120,Runway Incursion,53.5,Medium,Continue Monitoring,10.7
VMC,Landing,None,1,1,1,2,206,Runway Incursion,59.5,High,Runway Change,14.4
Storm,Takeoff,None,1,0,0,1,248,Bird Strike,73.0,High,Runway Change,20.6
IMC,Landing,None,2,0,0,1,169,Runway Incursion,56.5,High,Runway Change,18.6
VMC,Cruise,None,2,0,2,0,215,Medical Emergency,36.0,Medium,Continue Monitoring,10.8
Windy,Taxi,Substantial,2,0,0,1,53,Fuel Low,79.5,High,Runway Change,21.6
Windy,Approach,Minor,2,0,0,0,227,Cabin Pressure Failure,80.0,Critical,Priority Landing,18.6
IMC,Approach,None,3,0,1,0,62,Engine Failure,67.5,High,Runway Change,17.7
Rain,Landing,None,1,0,0,1,63,Medical Emergency,56.0,High,Runway Change,10.7
VMC,Landing,None,2,0,0,2,214,Medical Emergency,43.0,Medium,Continue Monitoring,11.2
VMC,Takeoff,Substantial,1,0,1,1,131,Cabin Pressure Failure,95.0,Critical,Priority Landing,20.9
IMC,Approach,None,2,1,0,6,77,Bird Strike,73.0,High,Runway Change,19.7
VMC,Takeoff,None,2,1,1,1,26,Engine Failure,69.5,High,Runway Change,16.7
Rain,Cruise,None,2,0,0,0,70,Fuel Low,51.0,Medium,Continue Monitoring,14.9
Fog,Landing,Substantial,1,0,0,1,209,Landing Gear Issue,92.0,Critical,Priority Landing,25.7
VMC,Taxi,Minor,2,0,0,1,20,Cabin Pressure Failure,58.5,High,Emergency Descent,13.1
IMC,Climb,Minor,1,0,0,2,231,Cabin Pressure Failure,81.5,Critical,Priority Landing,25.6
VMC,Cruise,None,2,0,0,1,198,Near Collision,53.5,Medium,Go Around,18.6
Windy,Approach,None,1,1,0,2,67,Cabin Pressure Failure,81.5,Critical,Priority Landing,23.8
VMC,Cruise,Substantial,1,0,0,0,189,Bird Strike,66.5,High,Holding Pattern,17.0
Rain,Climb,None,2,0,1,1,139,Landing Gear Issue,52.5,Medium,Continue Monitoring,15.5
IMC,Climb,None,1,0,1,1,99,Bird Strike,59.0,High,Holding Pattern,19.9
VMC,Cruise,Minor,2,0,0,2,136,Near Collision,67.0,High,Go Around,20.6
Rain,Approach,None,3,0,0,0,21,Runway Incursion,48.5,Medium,Continue Monitoring,10.4
Rain,Taxi,None,3,0,0,1,222,Near Collision,62.0,High,Go Around,14.2
IMC,Approach,Substantial,4,0,0,0,200,Landing Gear Issue,77.0,High,Runway Change,21.8
Fog,Cruise,Minor,2,0,0,1,61,Bird Strike,65.5,High,Holding Pattern,20.8
Storm,Approach,None,2,0,1,1,42,Near Collision,89.5,Critical,Priority Landing,22.2
VMC,Landing,None,2,0,0,1,117,Engine Failure,58.5,High,Runway Change,13.6
IMC,Cruise,Minor,1,0,1,1,125,Cabin Pressure Failure,80.0,Critical,Priority Landing,21.2
VMC,Cruise,None,2,0,0,2,197,Bird Strike,38.0,Medium,Continue Monitoring,10.9
Fog,Climb,None,1,0,0,1,213,Near Collision,76.0,High,Go Around,23.9
IMC,Taxi,Minor,4,0,1,3,34,Fuel Low,65.5,High,Runway Change,20.1
VMC,Taxi,Minor,2,0,2,1,76,Bird Strike,53.5,Medium,Continue Monitoring,13.3
VMC,Climb,Destroyed,2,0,3,1,154,Runway Incursion,92.5,Critical,Priority Landing,20.1
Windy,Cruise,None,2,0,1,0,107,Landing Gear Issue,47.0,Medium,Continue Monitoring,14.5
VMC,Climb,None,2,0,2,1,247,Bird Strike,48.5,Medium,Continue Monitoring,17.3
Rain,Taxi,Minor,2,0,0,1,171,Bird Strike,58.5,High,Runway Change,15.6
VMC,Takeoff,Minor,2,0,0,0,94,Engine Failure,67.0,High,Runway Change,15.9
Storm,Climb,None,2,0,2,3,174,Near Collision,93.5,Critical,Priority Landing,26.1
VMC,Climb,Minor,2,0,1,0,119,Landing Gear Issue,50.0,Medium,Continue Monitoring,17.3
VMC,Approach,None,2,0,1,0,126,Bird Strike,46.0,Medium,Continue Monitoring,11.1
Windy,Climb,Substantial,2,0,0,1,184,Medical Emergency,76.5,High,Holding Pattern,18.4
Windy,Approach,Substantial,2,1,0,1,119,Near Collision,100.0,Critical,Priority Landing,20.4
VMC,Landing,None,2,0,0,3,180,Medical Emergency,44.5,Medium,Continue Monitoring,14.9
IMC,Landing,Destroyed,4,2,0,0,116,Runway Incursion,100.0,Critical,Priority Landing,26.4
Rain,Takeoff,Destroyed,2,1,1,1,156,Runway Incursion,100.0,Critical,Priority Landing,24.3
Windy,Takeoff,None,2,0,1,1,131,Near Collision,80.5,Critical,Priority Landing,17.5
VMC,Takeoff,None,4,0,1,0,151,Near Collision,63.0,High,Go Around,17.2
IMC,Taxi,Minor,2,0,1,1,99,Medical Emergency,55.5,High,Runway Change,16.8
Rain,Approach,None,4,0,0,0,47,Medical Emergency,45.0,Medium,Continue Monitoring,11.8
Rain,Approach,None,2,0,0,1,78,Cabin Pressure Failure,69.5,High,Emergency Descent,21.5
Fog,Landing,None,2,0,0,1,101,Engine Failure,75.5,High,Runway Change,23.1
IMC,Approach,Destroyed,2,0,0,2,92,Cabin Pressure Failure,100.0,Critical,Priority Landing,25.0
VMC,Climb,None,1,0,0,0,116,Engine Failure,50.5,Medium,Continue Monitoring,15.9
Windy,Approach,Substantial,2,0,0,1,129,Near Collision,100.0,Critical,Priority Landing,22.7
Windy,Landing,None,1,1,1,1,77,Cabin Pressure Failure,89.0,Critical,Priority Landing,22.4
Fog,Takeoff,None,1,0,0,1,107,Medical Emergency,58.0,High,Runway Change,17.5
VMC,Approach,Substantial,2,0,0,1,84,Fuel Low,76.5,High,Runway Change,14.3
VMC,Cruise,None,2,0,0,1,154,Cabin Pressure Failure,49.5,Medium,Emergency Descent,15.4
Rain,Takeoff,None,2,0,0,1,129,Near Collision,76.5,High,Go Around,17.8
VMC,Climb,None,2,0,1,3,165,Near Collision,64.5,High,Go Around,18.8
Storm,Cruise,Minor,4,0,0,1,119,Landing Gear Issue,65.5,High,Holding Pattern,25.4
VMC,Cruise,None,2,0,0,0,249,Bird Strike,35.0,Medium,Continue Monitoring,13.9
Rain,Climb,None,2,0,0,2,131,Engine Failure,65.0,High,Holding Pattern,20.3
Windy,Approach,None,2,0,1,0,161,Near Collision,76.0,High,Go Around,15.5
VMC,Cruise,None,2,0,1,0,121,Bird Strike,39.0,Medium,Continue Monitoring,15.8
VMC,Cruise,None,2,0,0,0,188,Bird Strike,35.0,Medium,Continue Monitoring,17.5
Rain,Landing,Minor,4,1,0,0,148,Fuel Low,81.0,Critical,Priority Landing,20.1
IMC,Takeoff,None,2,0,1,1,42,Near Collision,80.5,Critical,Priority Landing,23.0
VMC,Cruise,None,2,1,0,2,187,Engine Failure,57.0,High,Holding Pattern,17.6
Rain,Takeoff,Minor,4,1,1,1,194,Medical Emergency,74.5,High,Runway Change,21.0
Windy,Taxi,Minor,2,0,0,0,112,Engine Failure,67.0,High,Runway Change,14.2
IMC,Climb,None,2,0,0,2,137,Runway Incursion,50.0,Medium,Continue Monitoring,19.8
VMC,Landing,None,2,0,0,1,22,Runway Incursion,43.5,Medium,Continue Monitoring,12.8
VMC,Climb,None,1,1,1,0,219,Engine Failure,63.5,High,Holding Pattern,19.9
VMC,Climb,Destroyed,2,1,0,1,199,Fuel Low,97.5,Critical,Priority Landing,23.7
VMC,Approach,None,3,2,0,0,243,Medical Emergency,51.5,Medium,Continue Monitoring,13.9
VMC,Landing,None,2,1,1,0,157,Medical Emergency,53.0,Medium,Continue Monitoring,13.0
Rain,Climb,None,2,0,0,1,72,Bird Strike,53.5,Medium,Continue Monitoring,16.9
VMC,Climb,None,2,0,1,1,86,Medical Emergency,37.5,Medium,Continue Monitoring,13.5
Storm,Taxi,None,1,0,1,1,233,Runway Incursion,59.0,High,Runway Change,16.3
VMC,Climb,None,4,0,0,2,29,Bird Strike,39.0,Medium,Continue Monitoring,14.0
VMC,Climb,Minor,1,0,2,1,174,Bird Strike,62.0,High,Holding Pattern,19.9
Fog,Landing,Minor,4,0,0,3,35,Medical Emergency,70.5,High,Runway Change,18.8
Windy,Takeoff,Minor,2,0,1,1,189,Medical Emergency,68.5,High,Runway Change,15.8
VMC,Taxi,Substantial,2,0,0,0,153,Fuel Low,65.0,High,Runway Change,17.0
VMC,Taxi,None,2,0,0,0,128,Engine Failure,42.0,Medium,Continue Monitoring,9.4
VMC,Taxi,Substantial,2,0,1,1,181,Engine Failure,77.5,High,Runway Change,18.3
IMC,Climb,Minor,2,2,1,1,101,Runway Incursion,82.5,Critical,Priority Landing,23.7
IMC,Takeoff,Substantial,3,0,1,2,151,Bird Strike,93.5,Critical,Priority Landing,27.1
VMC,Cruise,Minor,3,0,0,2,204,Fuel Low,51.5,Medium,Continue Monitoring,20.9
VMC,Cruise,None,2,1,1,2,125,Runway Incursion,46.0,Medium,Continue Monitoring,19.3
IMC,Taxi,None,2,0,0,2,25,Cabin Pressure Failure,61.0,High,Emergency Descent,18.5
Storm,Approach,None,4,0,0,2,248,Engine Failure,77.0,High,Runway Change,23.3
Rain,Taxi,None,3,0,0,1,144,Bird Strike,45.0,Medium,Continue Monitoring,12.3
IMC,Landing,Minor,2,0,1,0,118,Medical Emergency,69.0,High,Runway Change,20.6
VMC,Landing,None,1,0,1,3,36,Fuel Low,60.0,High,Runway Change,17.9
VMC,Takeoff,None,4,0,0,4,40,Landing Gear Issue,43.0,Medium,Continue Monitoring,9.1
VMC,Takeoff,Substantial,2,0,1,2,78,Engine Failure,92.0,Critical,Priority Landing,22.7
Fog,Takeoff,Minor,2,0,2,0,232,Engine Failure,92.0,Critical,Priority Landing,24.5
Windy,Approach,Minor,2,0,0,1,186,Cabin Pressure Failure,81.5,Critical,Priority Landing,21.5
Windy,Climb,None,2,0,0,1,115,Landing Gear Issue,48.5,Medium,Continue Monitoring,16.1
Storm,Taxi,Minor,3,0,1,2,193,Engine Failure,84.5,Critical,Priority Landing,21.9
Storm,Takeoff,Substantial,1,0,2,0,110,Runway Incursion,100.0,Critical,Priority Landing,26.6
Storm,Taxi,Minor,2,0,1,1,224,Landing Gear Issue,69.5,High,Runway Change,22.0
VMC,Landing,Minor,4,0,0,2,95,Medical Emergency,52.0,Medium,Continue Monitoring,13.4
VMC,Takeoff,Minor,4,0,0,1,184,Medical Emergency,48.5,Medium,Continue Monitoring,13.7
VMC,Takeoff,None,4,1,1,0,120,Landing Gear Issue,50.0,Medium,Continue Monitoring,12.0
IMC,Cruise,Minor,4,0,1,1,175,Near Collision,79.5,High,Go Around,21.0
VMC,Cruise,Destroyed,2,1,0,0,62,Cabin Pressure Failure,100.0,Critical,Priority Landing,26.8
Fog,Climb,None,4,0,2,4,237,Fuel Low,70.0,High,Holding Pattern,25.0
Rain,Approach,None,4,0,0,2,85,Landing Gear Issue,50.0,Medium,Continue Monitoring,13.3
IMC,Takeoff,None,2,0,0,0,143,Fuel Low,61.0,High,Runway Change,19.1
VMC,Takeoff,None,2,0,0,1,178,Medical Emergency,39.5,Medium,Continue Monitoring,13.2
VMC,Landing,Destroyed,1,0,1,0,170,Runway Incursion,92.5,Critical,Priority Landing,19.7
VMC,Taxi,Minor,2,0,0,1,147,Cabin Pressure Failure,58.5,High,Emergency Descent,13.1
Windy,Climb,None,2,0,1,0,219,Runway Incursion,51.0,Medium,Continue Monitoring,15.8
IMC,Taxi,None,2,0,1,1,243,Landing Gear Issue,45.5,Medium,Continue Monitoring,18.6
Rain,Cruise,None,2,0,0,1,195,Near Collision,66.5,High,Go Around,16.2
VMC,Cruise,None,2,1,0,1,62,Bird Strike,45.5,Medium,Continue Monitoring,17.6
VMC,Takeoff,Minor,1,0,0,1,197,Runway Incursion,55.0,High,Runway Change,12.6
VMC,Cruise,Substantial,4,0,1,2,135,Cabin Pressure Failure,82.0,Critical,Priority Landing,19.6
Fog,Cruise,Minor,2,0,0,1,143,Bird Strike,65.5,High,Holding Pattern,25.3
Fog,Approach,None,1,0,0,3,236,Engine Failure,75.0,High,Runway Change,21.3
VMC,Takeoff,Minor,1,0,0,1,141,Landing Gear Issue,55.0,High,Runway Change,11.3
Windy,Climb,Minor,4,0,0,1,215,Engine Failure,72.5,High,Holding Pattern,19.3
VMC,Cruise,None,4,1,0,1,169,Medical Emergency,35.5,Medium,Continue Monitoring,15.3
Windy,Takeoff,Minor,1,0,0,3,40,Landing Gear Issue,71.0,High,Runway Change,19.2
VMC,Takeoff,Minor,2,0,1,4,181,Runway Incursion,62.0,High,Runway Change,14.3
VMC,Approach,Substantial,2,0,1,3,133,Runway Incursion,75.5,High,Runway Change,18.4
Fog,Taxi,None,2,0,1,0,145,Near Collision,70.0,High,Go Around,22.0
VMC,Approach,None,2,1,0,0,89,Medical Emergency,44.0,Medium,Continue Monitoring,10.6
VMC,Takeoff,Minor,1,0,0,1,62,Fuel Low,63.0,High,Runway Change,16.1
VMC,Taxi,None,2,0,0,1,191,Landing Gear Issue,28.5,Low,Continue Monitoring,9.1
VMC,Approach,None,2,0,0,0,77,Cabin Pressure Failure,55.0,High,Emergency Descent,12.8
Rain,Landing,Substantial,2,0,0,1,41,Medical Emergency,84.5,Critical,Priority Landing,18.2
Windy,Climb,None,2,0,1,1,133,Landing Gear Issue,52.5,Medium,Continue Monitoring,16.6
Windy,Approach,Minor,2,0,1,1,183,Fuel Low,75.5,High,Runway Change,17.6
VMC,Takeoff,Destroyed,2,0,0,0,66,Engine Failure,100.0,Critical,Priority Landing,20.9
IMC,Approach,Minor,1,0,0,1,103,Cabin Pressure Failure,83.0,Critical,Priority Landing,22.1
VMC,Climb,Minor,1,0,0,3,117,Medical Emergency,50.0,Medium,Continue Monitoring,18.2
VMC,Taxi,Minor,4,0,1,2,232,Cabin Pressure Failure,61.0,High,Emergency Descent,15.4
VMC,Takeoff,None,2,1,1,1,53,Cabin Pressure Failure,72.5,High,Emergency Descent,18.8
Windy,Approach,None,2,0,0,0,231,Near Collision,72.0,High,Go Around,19.4
Windy,Takeoff,Minor,1,0,0,1,53,Fuel Low,76.0,High,Runway Change,18.9
Fog,Landing,None,2,0,1,0,152,Fuel Low,71.0,High,Runway Change,25.3
IMC,Cruise,None,4,0,1,0,213,Fuel Low,52.0,Medium,Continue Monitoring,18.7
IMC,Taxi,None,2,0,0,3,227,Landing Gear Issue,44.5,Medium,Continue Monitoring,17.6
IMC,Approach,Substantial,2,0,1,0,144,Near Collision,100.0,Critical,Priority Landing,25.4
IMC,Cruise,None,3,0,1,1,133,Medical Emergency,45.0,Medium,Continue Monitoring,22.8
VMC,Takeoff,Minor,2,0,1,1,199,Landing Gear Issue,57.5,High,Runway Change,17.8
VMC,Approach,None,4,0,1,3,229,Runway Incursion,42.5,Medium,Continue Monitoring,7.7
VMC,Cruise,Minor,2,2,1,0,22,Cabin Pressure Failure,82.0,Critical,Priority Landing,19.8
Storm,Takeoff,None,1,0,2,2,80,Runway Incursion,77.5,High,Runway Change,23.3
IMC,Approach,None,2,0,0,1,85,Landing Gear Issue,51.5,Medium,Continue Monitoring,18.8
Storm,Climb,Minor,2,1,0,0,211,Cabin Pressure Failure,98.0,Critical,Priority Landing,30.1
VMC,Climb,Minor,1,0,1,0,24,Engine Failure,66.5,High,Holding Pattern,18.8
IMC,Takeoff,None,3,0,0,3,48,Medical Emergency,54.0,Medium,Continue Monitoring,18.6
VMC,Cruise,None,1,0,0,1,20,Bird Strike,38.0,Medium,Continue Monitoring,15.1
VMC,Climb,None,2,0,0,0,239,Near Collision,56.0,High,Go Around,16.9
VMC,Takeoff,None,4,0,0,0,27,Engine Failure,52.0,Medium,Continue Monitoring,15.4
VMC,Cruise,Minor,2,0,1,1,81,Medical Emergency,45.5,Medium,Continue Monitoring,10.7
Windy,Climb,None,2,1,0,1,139,Medical Emergency,55.5,High,Holding Pattern,18.3
VMC,Takeoff,Minor,2,1,1,1,100,Medical Emergency,64.5,High,Runway Change,13.5
Rain,Cruise,None,3,1,1,2,40,Near Collision,79.5,High,Go Around,23.2
IMC,Takeoff,Minor,2,0,0,1,114,Cabin Pressure Failure,84.5,Critical,Priority Landing,22.8
VMC,Taxi,None,2,0,0,2,203,Bird Strike,35.0,Medium,Continue Monitoring,8.5
IMC,Cruise,Minor,2,1,0,2,86,Runway Incursion,67.0,High,Holding Pattern,23.8
VMC,Taxi,None,4,0,1,2,138,Medical Emergency,29.0,Low,Continue Monitoring,7.4
Storm,Taxi,Substantial,2,0,0,1,128,Bird Strike,88.5,Critical,Priority Landing,22.1
Fog,Taxi,Minor,2,0,0,1,76,Near Collision,79.5,High,Go Around,19.2
Rain,Approach,Substantial,4,0,0,0,20,Medical Emergency,75.0,High,Runway Change,17.4
IMC,Cruise,None,2,0,1,1,212,Near Collision,70.5,High,Go Around,24.7
VMC,Landing,None,1,0,0,0,248,Runway Incursion,43.5,Medium,Continue Monitoring,13.9
Windy,Takeoff,None,2,0,0,3,137,Near Collision,79.5,High,Go Around,18.0
VMC,Taxi,None,1,0,1,2,210,Landing Gear Issue,35.5,Medium,Continue Monitoring,12.5
VMC,Climb,Minor,2,0,0,0,100,Cabin Pressure Failure,64.0,High,Emergency Descent,18.6
VMC,Takeoff,Substantial,2,0,1,0,236,Medical Emergency,72.0,High,Runway Change,16.8
Fog,Climb,Minor,2,0,1,1,150,Landing Gear Issue,68.5,High,Holding Pattern,24.5
Rain,Climb,Minor,2,0,1,1,204,Cabin Pressure Failure,82.5,Critical,Priority Landing,24.0
Fog,Takeoff,None,2,0,0,1,174,Near Collision,80.5,Critical,Priority Landing,21.8
Fog,Landing,None,2,0,0,2,232,Fuel Low,70.0,High,Runway Change,20.1
VMC,Takeoff,Substantial,2,0,0,1,148,Landing Gear Issue,71.5,High,Runway Change,16.5
Windy,Taxi,None,3,0,1,0,214,Landing Gear Issue,42.5,Medium,Continue Monitoring,11.8
VMC,Cruise,None,2,0,0,0,234,Landing Gear Issue,30.0,Medium,Continue Monitoring,10.6
Rain,Landing,Substantial,2,0,1,1,194,Medical Emergency,88.5,Critical,Priority Landing,22.0
VMC,Cruise,Destroyed,4,0,1,2,101,Runway Incursion,79.0,High,Holding Pattern,20.4
Storm,Takeoff,Minor,3,1,0,2,40,Near Collision,100.0,Critical,Priority Landing,26.9
VMC,Climb,None,1,0,1,0,114,Engine Failure,54.5,Medium,Continue Monitoring,15.2
VMC,Approach,Substantial,4,0,1,0,179,Landing Gear Issue,68.0,High,Runway Change,17.0
IMC,Landing,None,4,0,0,3,217,Cabin Pressure Failure,74.5,High,Emergency Descent,22.2
VMC,Climb,None,2,0,1,2,196,Cabin Pressure Failure,59.0,High,Emergency Descent,16.8
VMC,Cruise,None,1,1,0,0,166,Medical Emergency,38.5,Medium,Continue Monitoring,18.0
Rain,Taxi,Substantial,2,0,0,1,143,Runway Incursion,71.5,High,Runway Change,17.6
VMC,Taxi,Substantial,2,0,1,1,242,Engine Failure,77.5,High,Runway Change,21.5
Windy,Cruise,Minor,2,1,2,2,76,Medical Emergency,73.0,High,Holding Pattern,22.1
VMC,Climb,None,2,0,0,2,202,Cabin Pressure Failure,55.0,High,Emergency Descent,15.6
Rain,Climb,Minor,1,2,0,0,146,Bird Strike,83.5,Critical,Priority Landing,21.3
IMC,Approach,None,2,0,0,2,137,Bird Strike,58.0,High,Runway Change,19.3
Rain,Approach,Substantial,4,0,0,1,111,Cabin Pressure Failure,96.5,Critical,Priority Landing,21.5
IMC,Climb,None,1,0,1,0,165,Cabin Pressure Failure,70.5,High,Emergency Descent,23.8
IMC,Takeoff,None,2,0,0,2,249,Runway Incursion,56.0,High,Runway Change,17.5
Storm,Cruise,Minor,2,0,0,2,113,Runway Incursion,70.0,High,Holding Pattern,20.0
VMC,Landing,Minor,2,0,0,0,45,Engine Failure,69.0,High,Runway Change,16.0
VMC,Takeoff,Substantial,2,0,0,1,49,Medical Emergency,69.5,High,Runway Change,12.1
Rain,Cruise,None,2,0,0,0,60,Runway Incursion,43.0,Medium,Continue Monitoring,15.5
Fog,Takeoff,Substantial,2,0,0,0,113,Landing Gear Issue,87.0,Critical,Priority Landing,22.2
VMC,Climb,None,2,0,0,0,20,Engine Failure,49.0,Medium,Continue Monitoring,14.4
VMC,Approach,None,1,0,1,1,84,Runway Incursion,44.0,Medium,Continue Monitoring,11.5
Windy,Climb,Minor,2,0,1,1,179,Bird Strike,69.5,High,Holding Pattern,20.1
Rain,Climb,None,2,0,0,0,175,Runway Incursion,47.0,Medium,Continue Monitoring,12.6
Storm,Taxi,Minor,2,0,0,0,173,Medical Emergency,62.0,High,Runway Change,15.7
IMC,Climb,None,2,1,1,3,173,Engine Failure,79.5,High,Holding Pattern,23.2
Rain,Climb,None,2,1,0,1,37,Bird Strike,62.5,High,Holding Pattern,14.2
VMC,Taxi,Minor,1,0,2,0,235,Landing Gear Issue,48.5,Medium,Continue Monitoring,10.8
Windy,Approach,None,1,0,1,1,88,Runway Incursion,57.0,High,Runway Change,17.4
VMC,Takeoff,Minor,2,0,0,1,38,Engine Failure,68.5,High,Runway Change,14.2
Rain,Cruise,Minor,2,0,0,1,206,Landing Gear Issue,56.5,High,Holding Pattern,18.5
VMC,Approach,None,3,0,1,2,127,Runway Incursion,42.5,Medium,Continue Monitoring,8.9
IMC,Climb,Substantial,2,0,1,0,99,Cabin Pressure Failure,99.0,Critical,Priority Landing,29.4
Rain,Approach,None,2,0,0,1,111,Engine Failure,66.5,High,Runway Change,15.3
IMC,Approach,None,2,0,1,2,154,Medical Emergency,55.0,High,Runway Change,17.8
Windy,Climb,None,2,0,2,1,141,Bird Strike,61.5,High,Holding Pattern,19.2
VMC,Landing,Substantial,2,0,0,1,23,Fuel Low,81.5,Critical,Priority Landing,22.2
Rain,Cruise,Minor,2,0,1,1,47,Fuel Low,68.5,High,Holding Pattern,19.7
VMC,Taxi,Minor,2,0,0,1,237,Near Collision,62.5,High,Go Around,15.5
VMC,Takeoff,Destroyed,2,0,0,1,133,Near Collision,100.0,Critical,Priority Landing,20.1
VMC,Climb,None,2,0,0,0,247,Bird Strike,39.0,Medium,Continue Monitoring,15.2
VMC,Landing,Substantial,4,0,0,1,171,Landing Gear Issue,70.5,High,Runway Change,16.2
VMC,Taxi,Minor,2,0,0,2,189,Near Collision,64.0,High,Go Around,17.2
Rain,Climb,Substantial,1,0,0,1,92,Near Collision,100.0,Critical,Priority Landing,24.9
Rain,Taxi,Substantial,1,0,2,0,212,Runway Incursion,79.5,High,Runway Change,21.8
Rain,Climb,Destroyed,1,0,1,3,169,Near Collision,100.0,Critical,Priority Landing,21.0
VMC,Cruise,None,2,0,0,1,192,Runway Incursion,31.5,Medium,Continue Monitoring,12.1
VMC,Climb,Substantial,2,0,1,0,81,Fuel Low,76.0,High,Holding Pattern,22.4
VMC,Cruise,Substantial,1,0,1,1,154,Near Collision,89.0,Critical,Priority Landing,22.3
Fog,Taxi,Minor,2,0,0,0,104,Landing Gear Issue,56.0,High,Runway Change,16.5
Windy,Landing,None,1,0,0,1,229,Runway Incursion,58.0,High,Runway Change,13.9
VMC,Landing,Destroyed,2,0,1,2,228,Medical Emergency,92.0,Critical,Priority Landing,17.8
Rain,Climb,None,1,0,0,0,101,Near Collision,70.5,High,Go Around,19.9
VMC,Taxi,Minor,2,0,0,2,25,Landing Gear Issue,42.0,Medium,Continue Monitoring,16.4
VMC,Cruise,Minor,2,0,1,1,77,Near Collision,69.5,High,Go Around,21.8
VMC,Approach,None,2,0,1,1,82,Runway Incursion,42.5,Medium,Continue Monitoring,9.4
VMC,Landing,Minor,2,1,0,0,24,Landing Gear Issue,63.0,High,Runway Change,13.6
Rain,Approach,None,4,0,0,1,235,Fuel Low,56.5,High,Runway Change,13.4
Windy,Approach,Minor,2,0,0,0,127,Fuel Low,70.0,High,Runway Change,18.6
VMC,Cruise,Substantial,1,0,1,1,53,Fuel Low,75.0,High,Holding Pattern,18.9
IMC,Approach,None,2,0,0,1,160,Fuel Low,59.5,High,Runway Change,17.3
Rain,Taxi,Minor,2,1,0,1,111,Near Collision,84.5,Critical,Priority Landing,21.0
Storm,Cruise,None,2,0,0,3,60,Medical Emergency,57.5,High,Holding Pattern,23.1
Rain,Approach,Substantial,2,0,3,2,124,Landing Gear Issue,95.0,Critical,Priority Landing,20.4
VMC,Climb,Destroyed,2,1,0,3,157,Near Collision,100.0,Critical,Priority Landing,22.8
Rain,Cruise,None,1,0,1,0,170,Near Collision,70.5,High,Go Around,16.6
VMC,Landing,Minor,4,0,1,2,71,Landing Gear Issue,58.0,High,Runway Change,13.0
Storm,Approach,Minor,2,0,1,1,160,Runway Incursion,79.5,High,Runway Change,17.8
VMC,Climb,Minor,1,0,0,3,202,Engine Failure,67.0,High,Holding Pattern,20.6
Rain,Approach,Minor,1,0,1,2,164,Landing Gear Issue,70.5,High,Runway Change,15.4
VMC,Landing,Minor,2,0,1,0,238,Landing Gear Issue,58.0,High,Runway Change,15.4
VMC,Takeoff,Minor,4,0,2,0,236,Fuel Low,65.0,High,Runway Change,19.4
Windy,Takeoff,None,3,0,0,2,133,Bird Strike,59.5,High,Runway Change,17.1
Rain,Cruise,None,4,0,0,1,110,Cabin Pressure Failure,59.5,High,Emergency Descent,15.4
VMC,Approach,Substantial,2,0,1,1,125,Landing Gear Issue,72.5,High,Runway Change,18.8
Windy,Climb,None,2,0,0,1,132,Cabin Pressure Failure,66.5,High,Emergency Descent,21.3
Windy,Landing,Minor,2,0,3,1,59,Cabin Pressure Failure,98.5,Critical,Priority Landing,20.2
VMC,Taxi,None,1,0,2,2,241,Bird Strike,44.5,Medium,Continue Monitoring,10.1
IMC,Approach,Substantial,4,0,1,1,150,Landing Gear Issue,82.5,Critical,Priority Landing,22.6
IMC,Cruise,Minor,2,0,2,0,49,Runway Incursion,63.0,High,Holding Pattern,19.1
Rain,Takeoff,None,2,0,0,0,227,Engine Failure,68.0,High,Runway Change,19.2
VMC,Landing,None,2,0,0,0,238,Fuel Low,50.0,Medium,Continue Monitoring,8.2
VMC,Taxi,None,2,0,0,0,149,Landing Gear Issue,27.0,Low,Continue Monitoring,6.6
Windy,Cruise,Destroyed,2,0,1,2,238,Near Collision,100.0,Critical,Priority Landing,24.5
Windy,Approach,Minor,2,0,0,2,243,Medical Emergency,63.0,High,Runway Change,14.9
Fog,Landing,Minor,2,0,0,4,239,Cabin Pressure Failure,95.0,Critical,Priority Landing,25.4
Storm,Landing,Minor,3,0,1,0,241,Bird Strike,86.5,Critical,Priority Landing,24.1
Rain,Takeoff,None,1,0,0,1,35,Runway Incursion,56.0,High,Runway Change,13.7
Fog,Landing,None,2,0,0,1,27,Near Collision,82.5,Critical,Priority Landing,25.1
Fog,Taxi,None,2,1,1,1,152,Cabin Pressure Failure,76.5,High,Emergency Descent,17.5
IMC,Landing,None,4,0,1,2,192,Cabin Pressure Failure,77.0,High,Emergency Descent,21.9
IMC,Cruise,Minor,4,0,0,1,212,Cabin Pressure Failure,71.5,High,Emergency Descent,22.4
VMC,Approach,Substantial,2,0,2,3,167,Medical Emergency,77.5,High,Runway Change,18.2
Rain,Climb,Substantial,2,0,2,2,92,Bird Strike,93.0,Critical,Priority Landing,24.2
VMC,Approach,Substantial,2,1,0,1,234,Medical Emergency,75.5,High,Runway Change,15.8
VMC,Climb,Minor,2,0,0,2,155,Runway Incursion,49.0,Medium,Continue Monitoring,14.5
IMC,Cruise,None,2,0,0,1,176,Engine Failure,59.5,High,Holding Pattern,23.3
VMC,Climb,Minor,2,0,2,2,78,Medical Emergency,55.0,High,Holding Pattern,17.6
VMC,Cruise,Destroyed,3,0,0,0,194,Runway Incursion,73.5,High,Holding Pattern,18.9
Fog,Cruise,Minor,2,0,0,1,49,Cabin Pressure Failure,78.5,High,Emergency Descent,29.2
Windy,Takeoff,Minor,2,0,0,0,220,Engine Failure,80.0,Critical,Priority Landing,23.0
VMC,Landing,Minor,1,0,1,1,216,Runway Incursion,61.0,High,Runway Change,12.1
VMC,Cruise,Substantial,2,0,1,1,177,Engine Failure,80.5,Critical,Priority Landing,22.1
VMC,Taxi,Substantial,2,0,2,0,245,Medical Emergency,63.0,High,Runway Change,20.4
Fog,Climb,Substantial,2,0,1,2,229,Engine Failure,100.0,Critical,Priority Landing,30.6
Fog,Landing,None,2,1,1,1,36,Fuel Low,81.5,Critical,Priority Landing,23.1
VMC,Climb,None,1,0,0,2,70,Medical Emergency,36.5,Medium,Continue Monitoring,13.2
Fog,Approach,Minor,1,0,0,0,47,Fuel Low,75.5,High,Runway Change,20.5
VMC,Cruise,None,2,1,1,2,93,Landing Gear Issue,46.0,Medium,Continue Monitoring,14.9
VMC,Cruise,Substantial,2,1,1,2,155,Cabin Pressure Failure,94.0,Critical,Priority Landing,22.8
Storm,Approach,Minor,2,1,1,2,53,Fuel Low,98.0,Critical,Priority Landing,27.1
VMC,Landing,Minor,2,0,0,2,39,Fuel Low,65.0,High,Runway Change,14.9
VMC,Climb,None,2,0,0,2,168,Medical Emergency,35.0,Medium,Continue Monitoring,12.4
VMC,Taxi,Minor,2,0,0,1,165,Fuel Low,48.5,Medium,Continue Monitoring,10.3
Rain,Climb,Minor,1,1,1,0,104,Runway Incursion,73.5,High,Holding Pattern,20.1
Windy,Climb,None,4,0,0,1,185,Bird Strike,50.5,Medium,Continue Monitoring,14.3
Storm,Climb,Substantial,1,0,1,1,156,Near Collision,100.0,Critical,Priority Landing,28.6
VMC,Taxi,None,2,0,0,2,115,Medical Emergency,28.0,Low,Continue Monitoring,11.1
VMC,Takeoff,None,1,0,1,1,35,Fuel Low,55.0,High,Runway Change,14.6
Fog,Cruise,None,2,0,0,3,193,Medical Emergency,49.5,Medium,Continue Monitoring,20.9
VMC,Cruise,Minor,2,2,0,3,163,Engine Failure,79.5,High,Holding Pattern,22.0
Windy,Landing,Minor,4,0,0,1,46,Cabin Pressure Failure,83.5,Critical,Priority Landing,19.1
Rain,Cruise,Substantial,1,2,0,1,63,Near Collision,100.0,Critical,Priority Landing,24.7
VMC,Taxi,None,3,0,1,2,89,Cabin Pressure Failure,50.5,Medium,Emergency Descent,12.5
Fog,Landing,Destroyed,2,0,1,0,61,Engine Failure,100.0,Critical,Priority Landing,27.5
VMC,Landing,Minor,2,0,0,1,205,Cabin Pressure Failure,73.5,High,Emergency Descent,15.1
VMC,Landing,None,2,0,0,0,234,Engine Failure,57.0,High,Runway Change,16.9
IMC,Takeoff,None,2,0,0,1,40,Fuel Low,62.5,High,Runway Change,19.3
IMC,Cruise,None,3,0,0,2,75,Near Collision,66.5,High,Go Around,21.5
Rain,Approach,Substantial,4,0,2,1,85,Landing Gear Issue,86.5,Critical,Priority Landing,18.6
Rain,Climb,None,2,0,0,3,248,Landing Gear Issue,51.5,Medium,Continue Monitoring,14.9
Storm,Takeoff,Minor,2,0,1,0,162,Cabin Pressure Failure,99.0,Critical,Priority Landing,26.1
Storm,Takeoff,Minor,2,1,1,0,239,Bird Strike,95.0,Critical,Priority Landing,23.7
IMC,Landing,Substantial,1,0,0,1,76,Runway Incursion,88.0,Critical,Priority Landing,26.1
VMC,Approach,Minor,2,1,0,1,35,Fuel Low,67.5,High,Runway Change,14.6
Rain,Climb,Substantial,2,0,1,1,130,Cabin Pressure Failure,100.0,Critical,Priority Landing,20.5
Storm,Landing,None,2,0,2,1,207,Bird Strike,81.5,Critical,Priority Landing,21.2
VMC,Landing,Substantial,4,0,0,1,212,Fuel Low,78.5,High,Runway Change,14.1
IMC,Landing,None,2,2,0,1,128,Medical Emergency,72.5,High,Runway Change,21.0
VMC,Taxi,None,2,0,1,2,82,Near Collision,56.0,High,Go Around,16.2
VMC,Taxi,Destroyed,1,0,0,0,30,Landing Gear Issue,73.5,High,Runway Change,18.5
Rain,Climb,None,4,0,0,0,120,Bird Strike,49.0,Medium,Continue Monitoring,13.1
VMC,Landing,None,2,0,2,2,143,Cabin Pressure Failure,71.0,High,Emergency Descent,15.3
Fog,Cruise,Minor,2,0,2,1,24,Landing Gear Issue,68.5,High,Holding Pattern,26.9
Fog,Cruise,None,1,1,0,1,234,Engine Failure,74.0,High,Holding Pattern,25.0
Fog,Approach,None,4,0,0,1,182,Cabin Pressure Failure,70.5,High,Emergency Descent,20.7
VMC,Approach,Minor,2,0,1,1,95,Runway Incursion,54.5,Medium,Continue Monitoring,15.9
VMC,Cruise,Substantial,3,0,0,1,101,Engine Failure,75.0,High,Holding Pattern,25.4
Rain,Taxi,Substantial,2,0,1,0,102,Near Collision,96.0,Critical,Priority Landing,23.9
Fog,Climb,None,2,0,0,2,217,Medical Emergency,52.0,Medium,Continue Monitoring,20.6
IMC,Takeoff,Minor,2,0,0,1,186,Cabin Pressure Failure,84.5,Critical,Priority Landing,23.9
Windy,Takeoff,Substantial,4,0,0,0,40,Near Collision,100.0,Critical,Priority Landing,23.2
VMC,Landing,None,2,0,0,0,90,Bird Strike,47.0,Medium,Continue Monitoring,11.2
Windy,Cruise,None,2,0,0,2,199,Engine Failure,61.0,High,Holding Pattern,15.9
VMC,Cruise,None,2,0,0,1,101,Fuel Low,39.5,Medium,Continue Monitoring,14.2
VMC,Approach,Minor,2,0,1,0,207,Fuel Low,61.0,High,Runway Change,13.1
IMC,Cruise,None,2,0,0,2,136,Fuel Low,54.0,Medium,Continue Monitoring,20.6
VMC,Approach,Minor,2,0,1,0,198,Landing Gear Issue,53.0,Medium,Continue Monitoring,13.7
VMC,Takeoff,Destroyed,2,0,0,0,141,Near Collision,100.0,Critical,Priority Landing,26.7
VMC,Takeoff,None,2,0,0,2,188,Fuel Low,51.0,Medium,Continue Monitoring,11.5
VMC,Taxi,Minor,2,0,1,0,119,Cabin Pressure Failure,61.0,High,Emergency Descent,14.7
Fog,Cruise,None,4,0,0,1,74,Bird Strike,50.5,Medium,Continue Monitoring,19.8
VMC,Climb,None,1,0,0,2,222,Bird Strike,43.5,Medium,Continue Monitoring,15.7
Rain,Cruise,Substantial,2,0,1,1,115,Engine Failure,93.5,Critical,Priority Landing,25.9
Fog,Cruise,None,4,0,2,2,22,Medical Emergency,53.0,Medium,Continue Monitoring,19.6
VMC,Climb,Substantial,2,1,0,0,108,Cabin Pressure Failure,91.0,Critical,Priority Landing,21.7
VMC,Climb,Minor,2,0,0,1,114,Cabin Pressure Failure,65.5,High,Emergency Descent,15.5
Windy,Landing,None,2,1,0,1,75,Cabin Pressure Failure,83.5,Critical,Priority Landing,17.2
Fog,Takeoff,None,2,0,0,0,221,Bird Strike,62.0,High,Runway Change,20.2
IMC,Climb,None,2,0,0,0,133,Near Collision,69.0,High,Go Around,23.5
Fog,Cruise,Substantial,1,1,1,0,105,Cabin Pressure Failure,100.0,Critical,Priority Landing,27.0
VMC,Approach,Minor,4,0,0,3,180,Landing Gear Issue,50.5,Medium,Continue Monitoring,12.3
VMC,Taxi,None,2,1,0,3,167,Bird Strike,45.5,Medium,Continue Monitoring,12.3
Rain,Taxi,Minor,2,0,0,1,130,Engine Failure,68.5,High,Runway Change,17.3
VMC,Climb,Minor,2,0,0,1,244,Medical Emergency,45.5,Medium,Continue Monitoring,14.0
Fog,Approach,Substantial,1,0,0,2,244,Bird Strike,93.5,Critical,Priority Landing,24.3
IMC,Takeoff,None,1,0,0,0,129,Bird Strike,59.5,High,Runway Change,15.1
Fog,Approach,None,4,1,0,1,183,Bird Strike,66.5,High,Runway Change,17.7
IMC,Takeoff,None,2,0,1,0,31,Near Collision,79.0,High,Go Around,25.5
VMC,Takeoff,None,1,0,0,1,121,Medical Emergency,41.0,Medium,Continue Monitoring,7.0
VMC,Landing,Minor,2,0,0,1,121,Runway Incursion,55.5,High,Runway Change,13.3
VMC,Climb,None,2,1,0,0,112,Engine Failure,58.0,High,Holding Pattern,17.9
Fog,Cruise,None,1,0,0,1,213,Landing Gear Issue,50.0,Medium,Continue Monitoring,19.3
VMC,Takeoff,None,2,1,1,1,154,Medical Emergency,52.5,Medium,Continue Monitoring,11.8
VMC,Landing,None,2,0,0,1,128,Cabin Pressure Failure,61.5,High,Emergency Descent,14.9
VMC,Landing,Substantial,2,0,1,0,119,Runway Incursion,76.0,High,Runway Change,17.7
VMC,Approach,Minor,4,0,0,0,162,Medical Emergency,44.0,Medium,Continue Monitoring,11.8
Fog,Taxi,None,2,0,0,2,71,Bird Strike,52.0,Medium,Continue Monitoring,13.6
VMC,Cruise,Minor,2,0,0,0,76,Bird Strike,47.0,Medium,Continue Monitoring,15.2
Storm,Climb,None,2,1,1,0,139,Landing Gear Issue,72.0,High,Holding Pattern,22.2
VMC,Takeoff,Substantial,2,0,1,0,93,Engine Failure,89.0,Critical,Priority Landing,18.9
Rain,Climb,Minor,2,0,2,0,174,Landing Gear Issue,67.0,High,Holding Pattern,19.5
VMC,Climb,Minor,4,0,1,1,227,Near Collision,70.5,High,Go Around,21.0
VMC,Climb,Substantial,2,0,0,1,102,Cabin Pressure Failure,83.5,Critical,Priority Landing,23.8
Windy,Climb,Substantial,2,0,0,2,152,Fuel Low,88.0,Critical,Priority Landing,21.8
Storm,Approach,Substantial,2,0,0,1,85,Runway Incursion,93.5,Critical,Priority Landing,26.7
Windy,Takeoff,None,2,0,0,4,202,Engine Failure,74.0,High,Runway Change,19.7
VMC,Approach,None,1,0,0,1,70,Near Collision,62.0,High,Go Around,17.4
VMC,Cruise,Minor,3,0,1,1,140,Bird Strike,51.0,Medium,Continue Monitoring,19.0
Rain,Landing,Minor,2,0,1,0,103,Fuel Low,79.0,High,Runway Change,17.9
VMC,Approach,Minor,2,0,1,1,195,Engine Failure,69.5,High,Runway Change,16.2
Rain,Taxi,Substantial,2,0,2,0,76,Cabin Pressure Failure,96.0,Critical,Priority Landing,22.9
IMC,Cruise,None,1,0,0,2,66,Bird Strike,52.5,Medium,Continue Monitoring,17.7
IMC,Climb,None,4,0,2,0,195,Engine Failure,67.0,High,Holding Pattern,23.5
Fog,Approach,Minor,3,0,1,1,148,Fuel Low,78.0,High,Runway Change,21.0
Rain,Approach,None,2,0,3,2,166,Medical Emergency,63.0,High,Runway Change,14.6
VMC,Cruise,Minor,2,1,0,0,202,Landing Gear Issue,51.0,Medium,Continue Monitoring,12.7
VMC,Approach,Minor,2,0,0,0,85,Runway Incursion,49.0,Medium,Continue Monitoring,11.0
Rain,Cruise,Minor,2,0,0,1,75,Medical Emergency,54.5,Medium,Continue Monitoring,16.8
IMC,Climb,Minor,1,0,2,0,248,Cabin Pressure Failure,86.5,Critical,Priority Landing,28.3
VMC,Climb,Minor,2,0,0,2,45,Runway Incursion,49.0,Medium,Continue Monitoring,17.8
VMC,Taxi,Minor,2,1,0,1,168,Medical Emergency,47.5,Medium,Continue Monitoring,12.4
Fog,Landing,None,2,0,1,1,109,Runway Incursion,64.5,High,Runway Change,19.2
Fog,Takeoff,Minor,2,0,0,0,52,Near Collision,91.0,Critical,Priority Landing,22.7
IMC,Taxi,Minor,1,0,0,0,239,Near Collision,75.5,High,Go Around,22.4
VMC,Landing,None,4,1,0,0,210,Landing Gear Issue,48.0,Medium,Continue Monitoring,12.1
VMC,Takeoff,Minor,1,0,0,0,71,Medical Emergency,51.5,Medium,Continue Monitoring,14.5
IMC,Landing,Substantial,1,1,2,4,193,Engine Failure,100.0,Critical,Priority Landing,29.5
VMC,Approach,None,2,0,0,0,196,Cabin Pressure Failure,55.0,High,Emergency Descent,13.8
IMC,Taxi,Minor,2,0,0,1,135,Fuel Low,61.5,High,Runway Change,16.1
Rain,Cruise,Destroyed,2,0,0,0,239,Engine Failure,100.0,Critical,Priority Landing,23.3
VMC,Approach,Substantial,2,1,0,3,73,Bird Strike,85.5,Critical,Priority Landing,16.5
VMC,Climb,None,2,0,0,1,36,Cabin Pressure Failure,53.5,Medium,Emergency Descent,14.2
VMC,Climb,Minor,1,0,0,2,206,Landing Gear Issue,50.5,Medium,Continue Monitoring,18.7
Windy,Approach,Destroyed,4,0,1,3,102,Fuel Low,100.0,Critical,Priority Landing,22.5
Rain,Landing,Minor,2,0,1,0,48,Cabin Pressure Failure,89.0,Critical,Priority Landing,17.0
VMC,Taxi,None,2,0,0,2,242,Bird Strike,35.0,Medium,Continue Monitoring,11.6
Windy,Landing,None,1,0,0,0,116,Bird Strike,61.5,High,Runway Change,17.6
IMC,Approach,Substantial,2,0,0,0,219,Runway Incursion,80.0,Critical,Priority Landing,21.7
IMC,Approach,None,3,0,0,3,207,Cabin Pressure Failure,71.0,High,Emergency Descent,19.4
Windy,Cruise,None,1,0,2,0,89,Bird Strike,57.5,High,Holding Pattern,16.7
VMC,Landing,None,1,0,0,2,204,Cabin Pressure Failure,64.5,High,Emergency Descent,16.2
VMC,Climb,Substantial,2,0,0,1,127,Cabin Pressure Failure,83.5,Critical,Priority Landing,23.3
IMC,Climb,Minor,1,0,1,0,164,Engine Failure,79.5,High,Holding Pattern,27.7
VMC,Taxi,Substantial,4,0,0,1,85,Fuel Low,63.5,High,Runway Change,17.9
Rain,Approach,Minor,2,0,2,0,21,Runway Incursion,70.0,High,Runway Change,19.0
VMC,Cruise,Destroyed,2,0,0,1,63,Fuel Low,84.5,Critical,Priority Landing,24.9
VMC,Taxi,Substantial,4,0,0,4,96,Near Collision,82.0,Critical,Priority Landing,20.1
VMC,Taxi,None,3,0,0,1,145,Cabin Pressure Failure,45.0,Medium,Emergency Descent,9.0
VMC,Climb,Minor,3,0,1,0,216,Engine Failure,63.5,High,Holding Pattern,18.2
VMC,Approach,None,2,0,0,1,60,Landing Gear Issue,38.5,Medium,Continue Monitoring,11.6
VMC,Cruise,Destroyed,2,0,1,1,185,Landing Gear Issue,80.5,Critical,Priority Landing,20.7
Windy,Landing,None,2,0,1,1,192,Near Collision,82.5,Critical,Priority Landing,20.7
VMC,Taxi,Minor,2,0,0,1,206,Bird Strike,45.5,Medium,Continue Monitoring,11.5
VMC,Approach,Substantial,2,0,0,2,207,Runway Incursion,70.0,High,Runway Change,14.7
VMC,Landing,None,1,1,1,1,34,Engine Failure,73.0,High,Runway Change,20.0
VMC,Approach,Substantial,2,0,0,0,70,Cabin Pressure Failure,85.0,Critical,Priority Landing,20.6
VMC,Taxi,None,2,0,1,0,236,Medical Emergency,29.0,Low,Continue Monitoring,9.7
Rain,Cruise,None,2,0,1,1,165,Near Collision,70.5,High,Go Around,21.5
VMC,Cruise,Minor,2,0,1,2,72,Bird Strike,54.0,Medium,Continue Monitoring,18.8
Windy,Cruise,None,2,0,0,0,249,Landing Gear Issue,43.0,Medium,Continue Monitoring,15.4
Windy,Taxi,Minor,2,0,0,2,96,Cabin Pressure Failure,73.0,High,Emergency Descent,12.2
VMC,Approach,Substantial,2,1,0,1,86,Fuel Low,85.5,Critical,Priority Landing,18.0
VMC,Takeoff,None,2,0,0,1,213,Fuel Low,49.5,Medium,Continue Monitoring,12.0
VMC,Takeoff,Minor,2,0,0,1,240,Near Collision,75.5,High,Go Around,15.6
Rain,Approach,Substantial,1,1,0,0,113,Bird Strike,95.5,Critical,Priority Landing,21.6
VMC,Landing,Substantial,2,0,0,3,168,Fuel Low,84.5,Critical,Priority Landing,21.6
Windy,Cruise,None,2,0,1,2,167,Landing Gear Issue,50.0,Medium,Continue Monitoring,15.0
Fog,Approach,Substantial,2,0,0,1,71,Landing Gear Issue,85.5,Critical,Priority Landing,21.1
Fog,Landing,None,4,0,1,2,147,Fuel Low,71.0,High,Runway Change,24.8
IMC,Approach,Minor,2,0,0,0,32,Cabin Pressure Failure,80.0,Critical,Priority Landing,21.5
Storm,Taxi,Minor,2,0,0,1,219,Medical Emergency,63.5,High,Runway Change,17.0
VMC,Approach,Substantial,2,0,0,4,210,Bird Strike,78.0,High,Runway Change,18.5
VMC,Landing,None,2,0,0,0,55,Fuel Low,50.0,Medium,Continue Monitoring,13.9
VMC,Landing,None,1,0,1,1,159,Engine Failure,64.0,High,Runway Change,14.1
Windy,Approach,Substantial,2,0,0,0,42,Runway Incursion,80.0,Critical,Priority Landing,20.0
IMC,Takeoff,None,4,2,0,0,40,Bird Strike,73.0,High,Runway Change,20.2
Fog,Cruise,Minor,1,0,0,1,165,Bird Strike,67.0,High,Holding Pattern,21.2
VMC,Takeoff,Minor,2,0,1,2,203,Near Collision,81.0,Critical,Priority Landing,18.9
Storm,Approach,Minor,2,1,1,1,214,Bird Strike,93.5,Critical,Priority Landing,26.4
IMC,Takeoff,None,2,0,0,0,96,Landing Gear Issue,53.0,Medium,Continue Monitoring,16.3
IMC,Approach,None,2,0,0,1,232,Landing Gear Issue,51.5,Medium,Continue Monitoring,17.9
Storm,Cruise,Destroyed,2,0,1,2,144,Medical Emergency,100.0,Critical,Priority Landing,28.8
VMC,Takeoff,None,2,0,0,0,111,Bird Strike,45.0,Medium,Continue Monitoring,17.7
VMC,Takeoff,None,2,0,0,2,99,Bird Strike,48.0,Medium,Continue Monitoring,11.2
IMC,Approach,None,4,0,1,1,189,Runway Incursion,52.5,Medium,Continue Monitoring,20.2
VMC,Takeoff,None,2,0,1,0,105,Medical Emergency,42.0,Medium,Continue Monitoring,11.5
VMC,Taxi,Destroyed,1,1,0,0,109,Cabin Pressure Failure,100.0,Critical,Priority Landing,21.7
VMC,Landing,None,4,0,0,0,109,Engine Failure,54.0,Medium,Continue Monitoring,15.2
VMC,Landing,None,2,0,0,5,93,Runway Incursion,49.5,Medium,Continue Monitoring,14.7
Windy,Climb,Minor,4,0,0,3,111,Cabin Pressure Failure,78.5,High,Emergency Descent,23.7
IMC,Landing,None,2,0,1,0,25,Engine Failure,74.0,High,Runway Change,22.0
VMC,Approach,None,2,0,0,1,221,Engine Failure,53.5,Medium,Continue Monitoring,12.4
VMC,Cruise,Destroyed,2,1,0,0,77,Landing Gear Issue,84.0,Critical,Priority Landing,21.0
VMC,Takeoff,Minor,2,0,0,2,122,Engine Failure,70.0,High,Runway Change,17.6
Rain,Approach,None,1,0,1,1,59,Fuel Low,65.0,High,Runway Change,16.9
Windy,Landing,None,4,0,1,0,143,Engine Failure,71.0,High,Runway Change,19.6
Windy,Takeoff,None,4,0,0,2,81,Engine Failure,68.0,High,Runway Change,17.1
VMC,Takeoff,None,4,0,1,0,59,Runway Incursion,41.0,Medium,Continue Monitoring,13.5
VMC,Cruise,Minor,2,1,1,2,86,Runway Incursion,58.0,High,Holding Pattern,20.5
IMC,Approach,Minor,2,0,0,2,228,Fuel Low,73.0,High,Runway Change,21.5
IMC,Cruise,Minor,2,1,1,2,217,Bird Strike,76.0,High,Holding Pattern,21.7
IMC,Cruise,Substantial,1,0,2,1,201,Bird Strike,89.0,Critical,Priority Landing,24.7
Rain,Climb,None,2,0,0,2,66,Fuel Low,58.0,High,Holding Pattern,14.6
IMC,Takeoff,Substantial,2,0,1,1,169,Runway Incursion,88.5,Critical,Priority Landing,27.1
VMC,Takeoff,Minor,2,0,1,1,208,Cabin Pressure Failure,75.5,High,Emergency Descent,15.9
VMC,Takeoff,None,2,0,0,1,169,Medical Emergency,39.5,Medium,Continue Monitoring,13.6
VMC,Landing,Substantial,2,0,0,1,217,Engine Failure,88.5,Critical,Priority Landing,21.1
VMC,Landing,None,2,0,1,2,66,Engine Failure,64.0,High,Runway Change,19.0
VMC,Cruise,Minor,2,0,0,3,126,Bird Strike,51.5,Medium,Continue Monitoring,18.3
Rain,Takeoff,Minor,4,0,0,3,96,Bird Strike,71.5,High,Runway Change,16.7
VMC,Cruise,None,2,0,0,1,186,Medical Emergency,29.5,Low,Continue Monitoring,11.9
VMC,Taxi,Substantial,1,0,0,0,49,Runway Incursion,58.5,High,Runway Change,14.7
IMC,Climb,None,1,0,0,3,93,Medical Emergency,51.0,Medium,Continue Monitoring,20.5
Fog,Cruise,Substantial,2,0,0,0,181,Fuel Low,85.0,Critical,Priority Landing,25.2
VMC,Approach,None,2,1,0,1,24,Cabin Pressure Failure,65.5,High,Emergency Descent,15.7
Fog,Climb,None,3,0,0,1,78,Engine Failure,66.0,High,Holding Pattern,26.1
Windy,Cruise,None,2,0,0,0,183,Near Collision,65.0,High,Go Around,15.3
IMC,Cruise,Substantial,1,1,1,1,75,Engine Failure,100.0,Critical,Priority Landing,29.5
Rain,Cruise,None,2,0,1,1,159,Fuel Low,56.5,High,Holding Pattern,15.4
VMC,Landing,Substantial,2,1,0,0,112,Landing Gear Issue,81.0,Critical,Priority Landing,19.0
Windy,Approach,None,4,0,1,1,126,Medical Emergency,50.5,Medium,Continue Monitoring,14.8
VMC,Takeoff,Minor,4,0,1,1,102,Near Collision,76.5,High,Go Around,17.7
Windy,Takeoff,None,2,1,0,1,226,Fuel Low,71.5,High,Runway Change,18.4
IMC,Cruise,None,3,0,1,0,185,Runway Incursion,45.5,Medium,Continue Monitoring,16.0
VMC,Taxi,Substantial,1,1,0,0,187,Fuel Low,75.5,High,Runway Change,19.8
VMC,Takeoff,None,2,0,0,0,202,Bird Strike,45.0,Medium,Continue Monitoring,10.9
Rain,Takeoff,Minor,4,0,0,0,117,Engine Failure,77.0,High,Runway Change,19.1
IMC,Landing,Minor,2,0,0,0,43,Fuel Low,75.0,High,Runway Change,21.9
VMC,Cruise,Minor,4,0,1,2,32,Cabin Pressure Failure,64.0,High,Emergency Descent,13.3
Rain,Climb,Minor,2,0,1,0,130,Engine Failure,78.0,High,Holding Pattern,19.5
Windy,Climb,Substantial,1,1,0,0,221,Bird Strike,92.5,Critical,Priority Landing,24.1
IMC,Approach,Minor,2,0,0,3,131,Fuel Low,74.5,High,Runway Change,24.5
IMC,Approach,Minor,4,0,1,0,246,Near Collision,85.0,Critical,Priority Landing,23.9
VMC,Approach,Minor,2,0,0,1,140,Cabin Pressure Failure,68.5,High,Emergency Descent,16.8
Fog,Climb,Minor,3,0,0,0,165,Engine Failure,76.5,High,Holding Pattern,21.9
VMC,Approach,None,2,0,1,0,37,Engine Failure,56.0,High,Runway Change,16.9
Windy,Taxi,Minor,2,0,0,0,196,Engine Failure,67.0,High,Runway Change,19.7
VMC,Climb,None,2,0,1,3,224,Fuel Low,50.5,Medium,Continue Monitoring,16.1
IMC,Cruise,Substantial,2,0,1,3,136,Fuel Low,89.5,Critical,Priority Landing,26.7
VMC,Takeoff,Destroyed,2,0,0,1,228,Engine Failure,100.0,Critical,Priority Landing,18.8
VMC,Approach,Destroyed,2,0,0,4,74,Medical Emergency,86.0,Critical,Priority Landing,21.2
Fog,Takeoff,Substantial,2,0,0,1,132,Cabin Pressure Failure,100.0,Critical,Priority Landing,31.4
IMC,Climb,Minor,2,0,1,1,229,Near Collision,86.5,Critical,Priority Landing,28.0
IMC,Landing,Minor,1,0,0,3,158,Landing Gear Issue,73.0,High,Runway Change,23.7
Storm,Takeoff,None,4,0,0,0,178,Near Collision,84.0,Critical,Priority Landing,24.2
Storm,Taxi,Minor,2,0,0,1,112,Landing Gear Issue,65.5,High,Runway Change,17.8
Windy,Cruise,None,3,0,0,0,146,Landing Gear Issue,41.5,Medium,Continue Monitoring,17.1
VMC,Cruise,None,2,1,0,2,105,Runway Incursion,42.0,Medium,Continue Monitoring,12.1
IMC,Approach,Destroyed,3,0,0,1,176,Fuel Low,100.0,Critical,Priority Landing,25.6
Windy,Approach,Substantial,2,0,0,1,32,Engine Failure,96.5,Critical,Priority Landing,21.9
VMC,Cruise,Minor,2,0,0,0,137,Engine Failure,57.0,High,Holding Pattern,19.0
VMC,Taxi,None,2,0,0,2,233,Runway Incursion,30.0,Medium,Continue Monitoring,10.2
Fog,Taxi,Minor,1,1,0,6,33,Runway Incursion,75.5,High,Runway Change,22.4
IMC,Climb,None,1,1,0,0,123,Fuel Low,65.5,High,Holding Pattern,21.3
IMC,Landing,Substantial,2,0,0,4,171,Near Collision,100.0,Critical,Priority Landing,23.4
Storm,Climb,Destroyed,4,2,0,2,39,Medical Emergency,100.0,Critical,Priority Landing,29.1
Rain,Taxi,None,2,1,1,1,21,Engine Failure,69.5,High,Runway Change,15.1
VMC,Climb,None,1,0,0,0,57,Near Collision,57.5,High,Go Around,14.7
VMC,Climb,None,4,0,0,1,70,Engine Failure,47.5,Medium,Continue Monitoring,13.0
VMC,Landing,None,1,0,1,2,222,Bird Strike,55.5,High,Runway Change,13.0
VMC,Landing,None,2,0,1,0,55,Medical Emergency,44.0,Medium,Continue Monitoring,8.2
Fog,Takeoff,None,4,0,0,2,167,Engine Failure,72.0,High,Runway Change,18.3
Fog,Approach,None,2,0,0,2,98,Fuel Low,65.0,High,Runway Change,16.4
VMC,Cruise,None,4,0,1,2,143,Runway Incursion,34.0,Medium,Continue Monitoring,13.5
VMC,Approach,None,3,0,2,2,228,Cabin Pressure Failure,64.5,High,Emergency Descent,16.4
Windy,Approach,Minor,2,1,0,1,217,Engine Failure,87.5,Critical,Priority Landing,23.8
VMC,Taxi,None,2,0,0,1,38,Bird Strike,33.5,Medium,Continue Monitoring,7.0
IMC,Taxi,Substantial,2,0,0,2,40,Landing Gear Issue,73.0,High,Runway Change,19.8
IMC,Approach,None,4,0,0,1,102,Landing Gear Issue,48.5,Medium,Continue Monitoring,18.6
Rain,Landing,None,4,0,0,1,206,Landing Gear Issue,53.5,Medium,Continue Monitoring,13.2
VMC,Taxi,None,2,0,1,2,194,Cabin Pressure Failure,52.0,Medium,Emergency Descent,12.7
Rain,Climb,Minor,2,0,2,0,162,Medical Emergency,65.0,High,Holding Pattern,22.1
VMC,Landing,None,2,0,0,1,218,Runway Incursion,43.5,Medium,Continue Monitoring,11.2
Rain,Landing,Minor,2,0,0,2,61,Landing Gear Issue,70.0,High,Runway Change,14.3
VMC,Takeoff,None,4,0,1,3,189,Bird Strike,50.5,Medium,Continue Monitoring,10.5
IMC,Taxi,Destroyed,1,0,1,0,242,Landing Gear Issue,90.5,Critical,Priority Landing,25.0
IMC,Landing,None,2,0,0,2,241,Cabin Pressure Failure,76.0,High,Emergency Descent,22.3
VMC,Cruise,None,4,0,1,4,183,Bird Strike,42.0,Medium,Continue Monitoring,11.8
VMC,Cruise,Substantial,2,0,1,4,180,Runway Incursion,70.0,High,Holding Pattern,17.6
VMC,Cruise,None,2,1,0,1,71,Engine Failure,55.5,High,Holding Pattern,18.1
VMC,Taxi,None,2,0,0,3,191,Engine Failure,46.5,Medium,Continue Monitoring,13.5
VMC,Taxi,Substantial,1,0,0,1,76,Fuel Low,68.0,High,Runway Change,15.0
Windy,Landing,None,2,0,1,2,117,Cabin Pressure Failure,80.0,Critical,Priority Landing,19.6
VMC,Approach,None,1,0,0,2,46,Medical Emergency,39.5,Medium,Continue Monitoring,12.3
Fog,Takeoff,None,1,0,0,0,89,Bird Strike,63.5,High,Runway Change,15.9
Storm,Taxi,None,2,0,0,1,37,Near Collision,75.5,High,Go Around,21.0
VMC,Takeoff,Substantial,2,1,1,1,126,Medical Emergency,82.5,Critical,Priority Landing,19.7
Rain,Climb,Minor,1,0,1,0,36,Engine Failure,79.5,High,Holding Pattern,20.2
Windy,Takeoff,Minor,4,1,0,1,196,Runway Incursion,72.5,High,Runway Change,12.8
Rain,Taxi,None,1,0,0,1,170,Fuel Low,51.0,Medium,Continue Monitoring,12.6
VMC,Cruise,Minor,2,0,0,1,169,Near Collision,65.5,High,Go Around,20.3
VMC,Climb,Minor,4,0,1,0,181,Fuel Low,55.0,High,Holding Pattern,20.1
VMC,Takeoff,None,1,0,0,2,197,Runway Incursion,44.5,Medium,Continue Monitoring,7.6
IMC,Cruise,Substantial,2,0,1,0,175,Fuel Low,85.0,Critical,Priority Landing,31.5
Storm,Landing,Minor,3,0,1,1,164,Bird Strike,88.0,Critical,Priority Landing,21.6
Storm,Taxi,Substantial,2,0,1,2,61,Engine Failure,100.0,Critical,Priority Landing,27.9
VMC,Approach,None,2,0,2,0,188,Runway Incursion,45.0,Medium,Continue Monitoring,14.6
Rain,Approach,None,2,1,0,1,132,Near Collision,82.5,Critical,Priority Landing,20.8
VMC,Taxi,Minor,2,0,0,1,55,Cabin Pressure Failure,58.5,High,Emergency Descent,14.8
Windy,Taxi,Substantial,2,1,0,3,130,Cabin Pressure Failure,100.0,Critical,Priority Landing,19.7
VMC,Climb,None,1,0,0,2,94,Engine Failure,53.5,Medium,Continue Monitoring,17.9
Windy,Taxi,None,1,0,0,2,65,Medical Emergency,42.5,Medium,Continue Monitoring,10.2
Fog,Approach,Substantial,3,0,1,2,149,Runway Incursion,89.5,Critical,Priority Landing,19.1
VMC,Taxi,None,2,0,0,0,225,Fuel Low,35.0,Medium,Continue Monitoring,16.0
VMC,Takeoff,None,1,0,1,1,23,Engine Failure,62.0,High,Runway Change,16.6
Fog,Takeoff,Minor,2,0,0,0,51,Runway Incursion,69.0,High,Runway Change,24.1
VMC,Taxi,None,4,0,1,2,229,Engine Failure,46.0,Medium,Continue Monitoring,10.5
IMC,Landing,None,1,0,0,2,178,Near Collision,81.5,Critical,Priority Landing,25.6
Windy,Climb,None,1,0,0,1,75,Runway Incursion,50.0,Medium,Continue Monitoring,19.2
IMC,Taxi,Substantial,2,0,1,0,104,Near Collision,96.0,Critical,Priority Landing,28.4
VMC,Takeoff,None,2,0,0,0,40,Engine Failure,55.0,High,Runway Change,13.9
VMC,Landing,Minor,2,0,0,1,214,Landing Gear Issue,55.5,High,Runway Change,11.6
VMC,Climb,Destroyed,4,2,0,0,172,Engine Failure,100.0,Critical,Priority Landing,24.6
Storm,Takeoff,Minor,1,0,0,3,73,Runway Incursion,83.0,Critical,Priority Landing,18.5
VMC,Landing,Minor,2,1,0,2,64,Engine Failure,81.0,Critical,Priority Landing,15.2
VMC,Taxi,Minor,2,1,1,1,178,Medical Emergency,51.5,Medium,Continue Monitoring,13.5
VMC,Takeoff,None,2,0,3,0,149,Landing Gear Issue,52.0,Medium,Continue Monitoring,11.4
Storm,Takeoff,Minor,2,0,0,1,192,Fuel Low,86.5,Critical,Priority Landing,23.2
VMC,Approach,Destroyed,2,0,1,0,77,Engine Failure,100.0,Critical,Priority Landing,21.8
Windy,Takeoff,Substantial,2,0,0,0,248,Engine Failure,98.0,Critical,Priority Landing,25.5
Rain,Landing,None,2,0,0,1,58,Fuel Low,64.5,High,Runway Change,18.2
Fog,Taxi,None,1,0,0,1,61,Fuel Low,55.0,High,Runway Change,17.8
Storm,Landing,Substantial,2,0,0,0,189,Bird Strike,100.0,Critical,Priority Landing,28.4
Fog,Climb,None,2,0,1,1,149,Medical Emergency,54.5,Medium,Continue Monitoring,19.3
Windy,Climb,Substantial,2,0,0,0,109,Fuel Low,85.0,Critical,Priority Landing,21.6
VMC,Landing,None,1,0,0,2,189,Cabin Pressure Failure,64.5,High,Emergency Descent,17.4
Fog,Takeoff,Minor,4,0,1,1,152,Fuel Low,79.5,High,Runway Change,19.8
IMC,Approach,Substantial,4,1,0,1,112,Fuel Low,95.5,Critical,Priority Landing,24.6
IMC,Cruise,Minor,3,0,2,0,69,Landing Gear Issue,61.5,High,Holding Pattern,19.4
Windy,Landing,None,4,0,0,0,184,Runway Incursion,52.0,Medium,Continue Monitoring,13.6
Storm,Climb,Substantial,1,0,0,1,147,Runway Incursion,92.0,Critical,Priority Landing,30.8
Rain,Landing,None,2,0,1,0,225,Medical Emergency,57.0,High,Runway Change,12.8
IMC,Landing,None,2,0,1,1,116,Landing Gear Issue,60.5,High,Runway Change,19.3
IMC,Climb,Minor,4,1,0,1,81,Fuel Low,74.5,High,Holding Pattern,22.6
VMC,Cruise,None,2,1,0,3,31,Near Collision,65.5,High,Go Around,16.5
VMC,Takeoff,Minor,2,0,0,1,82,Runway Incursion,53.5,Medium,Continue Monitoring,11.2
VMC,Cruise,None,2,0,1,1,187,Fuel Low,43.5,Medium,Continue Monitoring,17.7
VMC,Climb,None,1,0,0,1,85,Cabin Pressure Failure,55.0,High,Emergency Descent,21.6
VMC,Takeoff,Substantial,2,1,1,1,147,Bird Strike,89.5,Critical,Priority Landing,21.1
Fog,Approach,None,2,0,0,0,69,Medical Emergency,52.0,Medium,Continue Monitoring,15.9
VMC,Approach,Minor,2,0,0,1,233,Cabin Pressure Failure,68.5,High,Emergency Descent,17.7
Windy,Takeoff,Minor,4,1,0,1,227,Near Collision,94.5,Critical,Priority Landing,20.3
Rain,Climb,Substantial,2,0,1,5,205,Fuel Low,96.5,Critical,Priority Landing,26.0
VMC,Takeoff,Minor,2,0,1,2,188,Near Collision,81.0,Critical,Priority Landing,19.2
VMC,Landing,Substantial,1,0,1,2,151,Near Collision,100.0,Critical,Priority Landing,22.6
VMC,Cruise,None,1,0,1,0,21,Runway Incursion,35.5,Medium,Continue Monitoring,14.6
Storm,Takeoff,None,1,0,0,1,29,Engine Failure,83.0,Critical,Priority Landing,21.8
VMC,Climb,Substantial,2,1,0,1,121,Cabin Pressure Failure,92.5,Critical,Priority Landing,22.8
IMC,Taxi,Substantial,2,0,1,1,192,Near Collision,97.5,Critical,Priority Landing,22.1
Windy,Climb,Minor,2,0,0,1,49,Medical Emergency,58.5,High,Holding Pattern,16.6
Storm,Landing,Minor,2,0,1,1,146,Fuel Low,92.5,Critical,Priority Landing,21.8
VMC,Cruise,Minor,4,0,1,4,239,Cabin Pressure Failure,67.0,High,Emergency Descent,18.8
VMC,Climb,None,1,1,0,0,212,Medical Emergency,42.5,Medium,Continue Monitoring,12.7
VMC,Climb,Substantial,2,0,1,0,146,Medical Emergency,66.0,High,Holding Pattern,19.1
VMC,Takeoff,Substantial,2,1,0,1,152,Landing Gear Issue,80.5,Critical,Priority Landing,19.4
VMC,Landing,Minor,1,0,1,3,34,Medical Emergency,62.0,High,Runway Change,12.3
IMC,Cruise,None,4,0,0,2,20,Bird Strike,48.0,Medium,Continue Monitoring,18.0
Windy,Cruise,None,1,0,1,1,92,Engine Failure,65.0,High,Holding Pattern,16.8
IMC,Takeoff,None,2,0,1,3,207,Engine Failure,76.5,High,Runway Change,23.3
Rain,Landing,Minor,2,0,0,0,21,Cabin Pressure Failure,85.0,Critical,Priority Landing,22.7
VMC,Climb,Minor,3,0,0,0,203,Bird Strike,49.5,Medium,Continue Monitoring,17.6
Fog,Approach,None,2,0,0,1,79,Engine Failure,70.5,High,Runway Change,20.0
Rain,Taxi,Minor,2,1,1,2,42,Fuel Low,76.0,High,Runway Change,20.6
Windy,Landing,Destroyed,2,1,0,1,42,Bird Strike,100.0,Critical,Priority Landing,19.0
Windy,Approach,None,2,1,0,1,177,Cabin Pressure Failure,78.5,High,Emergency Descent,21.1
VMC,Taxi,Minor,2,1,0,2,30,Engine Failure,66.0,High,Runway Change,14.6
VMC,Climb,Minor,2,0,0,0,141,Landing Gear Issue,46.0,Medium,Continue Monitoring,9.7
VMC,Taxi,None,2,0,0,1,235,Landing Gear Issue,28.5,Low,Continue Monitoring,14.4
VMC,Approach,Minor,2,0,0,0,155,Runway Incursion,49.0,Medium,Continue Monitoring,16.0
Windy,Cruise,Minor,2,0,2,3,96,Bird Strike,72.5,High,Holding Pattern,18.0
VMC,Climb,None,2,1,1,3,224,Near Collision,73.5,High,Go Around,20.6
Fog,Landing,None,1,1,0,1,36,Engine Failure,86.0,Critical,Priority Landing,23.1
IMC,Taxi,Substantial,2,1,0,1,77,Near Collision,100.0,Critical,Priority Landing,26.2
VMC,Landing,None,1,0,1,0,59,Runway Incursion,47.5,Medium,Continue Monitoring,9.6
VMC,Takeoff,Minor,2,0,0,1,23,Fuel Low,61.5,High,Runway Change,13.7
Rain,Cruise,Minor,2,0,1,0,239,Medical Emergency,57.0,High,Holding Pattern,18.2
Rain,Landing,Substantial,2,0,1,0,67,Landing Gear Issue,89.0,Critical,Priority Landing,20.5
VMC,Cruise,Minor,2,0,1,2,36,Bird Strike,54.0,Medium,Continue Monitoring,19.1
VMC,Landing,Substantial,1,0,0,2,230,Cabin Pressure Failure,94.5,Critical,Priority Landing,21.2
Rain,Landing,Minor,1,0,1,1,241,Fuel Low,82.0,Critical,Priority Landing,23.5
VMC,Takeoff,None,2,0,1,2,68,Bird Strike,52.0,Medium,Continue Monitoring,11.9
Windy,Approach,None,3,0,0,1,112,Near Collision,72.0,High,Go Around,17.5
VMC,Climb,None,2,0,0,1,175,Landing Gear Issue,35.5,Medium,Continue Monitoring,9.6
VMC,Cruise,None,2,0,1,2,118,Cabin Pressure Failure,55.0,High,Emergency Descent,14.4
IMC,Cruise,None,2,2,1,1,201,Cabin Pressure Failure,84.5,Critical,Priority Landing,28.9
IMC,Landing,None,2,0,0,1,77,Cabin Pressure Failure,74.5,High,Emergency Descent,19.5
IMC,Taxi,None,2,0,0,0,207,Bird Strike,45.0,Medium,Continue Monitoring,17.2
VMC,Cruise,None,2,0,1,0,148,Bird Strike,39.0,Medium,Continue Monitoring,13.9
Storm,Approach,None,1,0,1,0,22,Near Collision,89.5,Critical,Priority Landing,22.0
IMC,Approach,Substantial,1,1,0,2,162,Cabin Pressure Failure,100.0,Critical,Priority Landing,25.3
IMC,Approach,Minor,2,0,0,0,22,Bird Strike,67.0,High,Runway Change,19.0
VMC,Approach,Substantial,2,2,0,1,214,Engine Failure,100.0,Critical,Priority Landing,21.0
VMC,Landing,Minor,2,0,0,1,247,Bird Strike,60.5,High,Runway Change,16.4
IMC,Taxi,Substantial,2,0,0,0,55,Cabin Pressure Failure,88.0,Critical,Priority Landing,25.1
VMC,Landing,Substantial,2,0,1,1,141,Fuel Low,85.5,Critical,Priority Landing,18.2
Rain,Takeoff,None,2,0,1,2,97,Near Collision,82.0,Critical,Priority Landing,16.9
VMC,Cruise,Destroyed,2,0,0,2,34,Cabin Pressure Failure,96.0,Critical,Priority Landing,24.8
Storm,Cruise,None,3,0,1,0,175,Bird Strike,62.5,High,Holding Pattern,22.0
IMC,Approach,Minor,2,0,0,1,26,Fuel Low,71.5,High,Runway Change,22.9
Windy,Approach,Substantial,2,0,1,0,25,Engine Failure,99.0,Critical,Priority Landing,27.1
IMC,Landing,None,2,0,1,0,206,Engine Failure,74.0,High,Runway Change,23.0
VMC,Cruise,Minor,2,0,0,1,84,Runway Incursion,43.5,Medium,Continue Monitoring,14.8
Fog,Climb,None,1,0,1,0,228,Medical Emergency,54.5,Medium,Continue Monitoring,20.5
Rain,Cruise,None,2,0,1,2,156,Landing Gear Issue,50.0,Medium,Continue Monitoring,14.3
Fog,Taxi,None,2,0,0,1,140,Bird Strike,50.5,Medium,Continue Monitoring,15.3
VMC,Climb,None,2,0,0,1,114,Fuel Low,43.5,Medium,Continue Monitoring,12.8
Rain,Takeoff,None,2,0,0,2,105,Cabin Pressure Failure,74.0,High,Emergency Descent,16.5
Windy,Taxi,Minor,1,0,0,0,71,Fuel Low,61.5,High,Runway Change,14.2
Rain,Climb,Minor,2,2,0,1,181,Medical Emergency,76.5,High,Holding Pattern,22.3
VMC,Approach,Minor,1,0,0,6,159,Engine Failure,74.5,High,Runway Change,16.6
Rain,Landing,Minor,4,1,0,1,25,Engine Failure,89.5,Critical,Priority Landing,19.7
Rain,Climb,None,2,0,0,0,94,Runway Incursion,47.0,Medium,Continue Monitoring,13.0
Storm,Cruise,None,4,1,0,1,226,Bird Strike,67.5,High,Holding Pattern,26.4
VMC,Climb,Substantial,4,0,0,1,133,Engine Failure,77.5,High,Holding Pattern,22.0
VMC,Takeoff,Substantial,2,0,0,0,78,Fuel Low,78.0,High,Runway Change,21.6
Fog,Takeoff,None,2,0,0,2,72,Medical Emergency,58.0,High,Runway Change,20.0
IMC,Climb,None,2,0,0,0,63,Medical Emergency,45.0,Medium,Continue Monitoring,22.1
Rain,Cruise,Substantial,4,0,0,0,218,Runway Incursion,70.0,High,Holding Pattern,19.1
IMC,Approach,Substantial,2,0,0,1,91,Runway Incursion,81.5,Critical,Priority Landing,24.1
VMC,Takeoff,None,2,0,1,1,88,Fuel Low,53.5,Medium,Continue Monitoring,19.0
Rain,Taxi,None,4,0,0,1,34,Bird Strike,43.5,Medium,Continue Monitoring,9.4
VMC,Landing,None,3,0,1,1,224,Engine Failure,61.0,High,Runway Change,17.3
VMC,Takeoff,Minor,4,0,0,2,109,Bird Strike,57.0,High,Runway Change,17.7
Rain,Taxi,Substantial,1,0,1,0,182,Engine Failure,90.5,Critical,Priority Landing,21.1
Rain,Takeoff,Minor,2,0,2,1,184,Engine Failure,89.5,Critical,Priority Landing,21.6
Windy,Approach,None,2,0,1,2,100,Medical Emergency,55.0,High,Runway Change,16.5
VMC,Cruise,Minor,2,0,1,0,134,Cabin Pressure Failure,64.0,High,Emergency Descent,17.2
VMC,Approach,Substantial,2,0,0,0,43,Runway Incursion,67.0,High,Runway Change,16.9
Storm,Taxi,Minor,2,0,0,1,173,Fuel Low,73.5,High,Runway Change,19.5
VMC,Taxi,Substantial,2,0,0,0,174,Fuel Low,65.0,High,Runway Change,14.3
VMC,Climb,None,2,0,0,1,69,Near Collision,57.5,High,Go Around,16.1
VMC,Approach,None,2,0,1,0,64,Near Collision,63.0,High,Go Around,15.0
IMC,Taxi,Minor,4,0,1,1,111,Near Collision,76.5,High,Go Around,22.1
Windy,Landing,Minor,2,0,0,2,179,Bird Strike,75.0,High,Runway Change,18.4
Fog,Taxi,Destroyed,2,1,0,1,139,Engine Failure,100.0,Critical,Priority Landing,23.1
Rain,Cruise,Minor,2,1,0,2,34,Cabin Pressure Failure,85.0,Critical,Priority Landing,26.4
VMC,Climb,None,1,0,0,2,151,Medical Emergency,36.5,Medium,Continue Monitoring,15.9
VMC,Approach,None,2,0,0,1,182,Fuel Low,46.5,Medium,Continue Monitoring,13.9
IMC,Landing,Minor,2,0,0,2,62,Landing Gear Issue,70.0,High,Runway Change,19.9
VMC,Taxi,None,1,1,1,2,122,Bird Strike,49.5,Medium,Continue Monitoring,12.7
VMC,Landing,Minor,4,0,1,1,205,Fuel Low,64.5,High,Runway Change,16.7
VMC,Landing,None,2,2,0,1,94,Near Collision,83.5,Critical,Priority Landing,19.9
VMC,Approach,None,3,0,2,1,40,Cabin Pressure Failure,63.0,High,Emergency Descent,11.9
IMC,Climb,Minor,2,0,1,2,232,Bird Strike,71.0,High,Holding Pattern,25.3
Rain,Cruise,None,4,1,1,1,42,Cabin Pressure Failure,72.5,High,Emergency Descent,26.0
VMC,Cruise,Minor,2,0,0,0,34,Medical Emergency,40.0,Medium,Continue Monitoring,10.4
IMC,Landing,Minor,2,0,1,0,77,Fuel Low,79.0,High,Runway Change,24.3
Fog,Approach,Minor,4,0,0,0,192,Near Collision,85.0,Critical,Priority Landing,24.1
Rain,Landing,Minor,4,0,0,0,170,Runway Incursion,64.0,High,Runway Change,15.3
Fog,Takeoff,Substantial,2,0,0,2,74,Engine Failure,100.0,Critical,Priority Landing,28.8
VMC,Landing,Substantial,1,0,1,2,37,Engine Failure,95.5,Critical,Priority Landing,18.8
Fog,Approach,None,2,0,0,2,239,Landing Gear Issue,57.0,High,Runway Change,18.6
VMC,Taxi,None,2,0,1,2,21,Bird Strike,39.0,Medium,Continue Monitoring,14.0
VMC,Cruise,Minor,3,0,1,2,232,Engine Failure,62.5,High,Holding Pattern,17.8
VMC,Cruise,Minor,2,0,1,2,128,Cabin Pressure Failure,67.0,High,Emergency Descent,18.2
IMC,Takeoff,Minor,1,0,1,0,64,Fuel Low,78.5,High,Runway Change,22.4
VMC,Landing,Minor,2,0,0,0,99,Landing Gear Issue,54.0,Medium,Continue Monitoring,12.8
VMC,Landing,Substantial,2,0,0,3,91,Landing Gear Issue,76.5,High,Runway Change,20.9
Fog,Taxi,None,2,1,0,1,56,Engine Failure,69.5,High,Runway Change,18.6
VMC,Takeoff,Minor,2,0,0,3,119,Bird Strike,61.5,High,Runway Change,16.9
VMC,Climb,None,4,0,0,0,170,Cabin Pressure Failure,49.0,Medium,Emergency Descent,13.2
VMC,Taxi,None,2,0,1,0,128,Fuel Low,39.0,Medium,Continue Monitoring,12.4
VMC,Takeoff,Minor,2,0,0,1,167,Engine Failure,68.5,High,Runway Change,16.1
VMC,Approach,Minor,2,0,0,1,243,Medical Emergency,48.5,Medium,Continue Monitoring,7.4
VMC,Cruise,None,2,0,1,1,48,Cabin Pressure Failure,53.5,Medium,Emergency Descent,16.6
VMC,Taxi,Substantial,4,0,0,0,189,Landing Gear Issue,54.0,Medium,Continue Monitoring,11.5
Fog,Taxi,Substantial,2,0,1,1,72,Medical Emergency,77.5,High,Runway Change,21.0
Windy,Taxi,Minor,2,0,0,1,24,Runway Incursion,53.5,Medium,Continue Monitoring,16.8
IMC,Climb,Destroyed,1,0,1,1,103,Medical Emergency,97.0,Critical,Priority Landing,26.2
Rain,Approach,None,2,0,0,1,110,Near Collision,73.5,High,Go Around,15.1
Windy,Landing,Substantial,1,0,0,1,247,Landing Gear Issue,88.0,Critical,Priority Landing,22.8
Storm,Taxi,None,1,0,0,0,99,Runway Incursion,53.5,Medium,Continue Monitoring,17.9
Rain,Takeoff,None,2,0,1,0,196,Near Collision,79.0,High,Go Around,21.4
Windy,Taxi,None,2,0,1,1,235,Runway Incursion,45.5,Medium,Continue Monitoring,12.9
Windy,Cruise,None,4,0,0,2,97,Bird Strike,48.0,Medium,Continue Monitoring,13.8
Fog,Takeoff,Minor,2,0,0,1,61,Runway Incursion,70.5,High,Runway Change,20.6
IMC,Approach,None,3,0,1,0,242,Landing Gear Issue,52.5,Medium,Continue Monitoring,20.0
VMC,Landing,Minor,2,0,0,2,125,Landing Gear Issue,57.0,High,Runway Change,16.2
VMC,Takeoff,None,2,0,1,4,124,Fuel Low,58.0,High,Runway Change,14.4
IMC,Takeoff,None,4,0,0,3,187,Medical Emergency,52.5,Medium,Continue Monitoring,17.6
IMC,Taxi,Destroyed,2,0,0,0,107,Near Collision,100.0,Critical,Priority Landing,25.8
VMC,Taxi,Minor,3,0,0,0,144,Engine Failure,52.5,Medium,Continue Monitoring,12.3
IMC,Takeoff,Substantial,2,0,1,1,237,Near Collision,100.0,Critical,Priority Landing,30.0
IMC,Taxi,Minor,2,1,0,0,31,Fuel Low,69.0,High,Runway Change,20.4
Fog,Taxi,None,2,0,1,2,189,Runway Incursion,51.0,Medium,Continue Monitoring,14.9
VMC,Taxi,Minor,2,0,1,0,111,Cabin Pressure Failure,61.0,High,Emergency Descent,14.0
VMC,Climb,Minor,1,0,0,2,146,Medical Emergency,48.5,Medium,Continue Monitoring,17.2
Fog,Approach,None,2,0,0,2,229,Engine Failure,72.0,High,Runway Change,22.3
Fog,Taxi,Substantial,2,1,2,1,158,Near Collision,100.0,Critical,Priority Landing,25.7
Storm,Taxi,Minor,2,0,0,0,116,Cabin Pressure Failure,82.0,Critical,Priority Landing,21.4
Windy,Approach,Minor,4,0,0,0,243,Near Collision,81.0,Critical,Priority Landing,18.6
Windy,Climb,Minor,2,2,0,1,159,Engine Failure,93.5,Critical,Priority Landing,20.4
VMC,Takeoff,Minor,3,0,0,2,55,Medical Emergency,51.5,Medium,Continue Monitoring,10.6
VMC,Climb,None,2,0,2,0,40,Runway Incursion,42.0,Medium,Continue Monitoring,16.2
VMC,Takeoff,Destroyed,1,0,0,2,99,Landing Gear Issue,89.5,Critical,Priority Landing,19.1
Rain,Climb,None,2,0,0,1,185,Fuel Low,56.5,High,Holding Pattern,17.9
Windy,Takeoff,None,4,0,0,2,116,Fuel Low,61.0,High,Runway Change,17.5
VMC,Landing,None,2,1,0,2,58,Near Collision,76.0,High,Go Around,19.0
IMC,Approach,Minor,4,0,1,2,246,Bird Strike,71.0,High,Runway Change,20.8
VMC,Approach,Destroyed,2,0,0,2,65,Landing Gear Issue,85.0,Critical,Priority Landing,23.7
VMC,Landing,Substantial,2,0,0,3,39,Near Collision,98.5,Critical,Priority Landing,23.1
VMC,Cruise,Minor,2,0,0,0,107,Landing Gear Issue,42.0,Medium,Continue Monitoring,13.8
VMC,Cruise,Destroyed,4,1,2,0,45,Bird Strike,94.0,Critical,Priority Landing,25.4
Windy,Climb,Minor,1,0,1,2,156,Engine Failure,82.5,Critical,Priority Landing,22.7
VMC,Cruise,None,4,0,1,0,120,Runway Incursion,31.0,Medium,Continue Monitoring,10.8
Fog,Climb,Minor,2,0,0,0,233,Fuel Low,71.0,High,Holding Pattern,23.9
Rain,Approach,None,3,0,0,0,58,Fuel Low,56.5,High,Runway Change,13.8
VMC,Taxi,None,2,0,1,1,81,Fuel Low,40.5,Medium,Continue Monitoring,7.2
VMC,Approach,None,2,0,0,0,177,Medical Emergency,35.0,Medium,Continue Monitoring,9.9
Fog,Climb,None,2,0,3,4,180,Landing Gear Issue,69.0,High,Holding Pattern,22.8
VMC,Landing,Destroyed,3,1,0,1,102,Near Collision,100.0,Critical,Priority Landing,21.1
Windy,Landing,Destroyed,2,0,1,0,232,Engine Failure,100.0,Critical,Priority Landing,18.6
VMC,Cruise,None,2,1,0,3,214,Landing Gear Issue,43.5,Medium,Continue Monitoring,14.1
Rain,Climb,Minor,2,1,1,0,160,Medical Emergency,70.0,High,Holding Pattern,19.5
Fog,Landing,None,2,1,0,1,192,Near Collision,91.5,Critical,Priority Landing,24.7
VMC,Climb,None,2,0,1,0,143,Fuel Low,46.0,Medium,Continue Monitoring,12.9
VMC,Taxi,None,2,0,1,2,128,Engine Failure,49.0,Medium,Continue Monitoring,14.1
Storm,Climb,None,2,0,0,0,145,Medical Emergency,57.0,High,Holding Pattern,18.8
VMC,Cruise,None,2,1,0,3,214,Fuel Low,51.5,Medium,Continue Monitoring,15.8
VMC,Landing,None,2,0,0,1,23,Engine Failure,58.5,High,Runway Change,17.2
VMC,Takeoff,None,2,0,0,3,43,Runway Incursion,44.5,Medium,Continue Monitoring,10.6
VMC,Climb,None,3,0,2,0,129,Runway Incursion,40.5,Medium,Continue Monitoring,13.2
Fog,Takeoff,Substantial,2,0,0,1,153,Landing Gear Issue,88.5,Critical,Priority Landing,26.1
Fog,Cruise,None,2,0,1,2,61,Bird Strike,59.0,High,Holding Pattern,20.8
VMC,Approach,None,2,0,0,2,159,Near Collision,62.0,High,Go Around,14.5
Fog,Climb,Minor,1,1,0,0,25,Cabin Pressure Failure,91.5,Critical,Priority Landing,27.9
VMC,Cruise,None,2,1,0,0,76,Cabin Pressure Failure,57.0,High,Emergency Descent,19.4
VMC,Landing,Minor,2,0,0,0,125,Runway Incursion,54.0,Medium,Continue Monitoring,9.2
IMC,Taxi,None,2,0,0,0,31,Medical Emergency,38.0,Medium,Continue Monitoring,13.1
Storm,Takeoff,Minor,2,0,1,1,165,Fuel Low,90.5,Critical,Priority Landing,22.2
VMC,Approach,Minor,4,1,0,0,143,Medical Emergency,53.0,Medium,Continue Monitoring,11.3
VMC,Takeoff,Minor,2,0,0,1,150,Near Collision,75.5,High,Go Around,15.8
IMC,Approach,Minor,1,0,0,2,138,Medical Emergency,64.5,High,Runway Change,17.9
Fog,Taxi,None,1,0,1,2,179,Fuel Low,60.5,High,Runway Change,19.5
VMC,Landing,None,2,1,1,0,170,Engine Failure,70.0,High,Runway Change,14.8
VMC,Climb,None,2,1,0,0,171,Cabin Pressure Failure,61.0,High,Emergency Descent,18.2
Rain,Climb,Minor,2,0,0,1,68,Engine Failure,75.5,High,Holding Pattern,21.4
VMC,Landing,None,2,1,0,1,178,Medical Emergency,50.5,Medium,Continue Monitoring,11.6
VMC,Landing,None,2,0,0,0,61,Cabin Pressure Failure,60.0,High,Emergency Descent,15.1
VMC,Climb,Minor,2,0,0,2,24,Medical Emergency,47.0,Medium,Continue Monitoring,18.8
VMC,Takeoff,None,1,0,0,0,244,Cabin Pressure Failure,59.5,High,Emergency Descent,15.4
IMC,Cruise,None,2,0,0,2,61,Fuel Low,54.0,Medium,Continue Monitoring,19.4
Windy,Approach,Minor,2,0,0,0,46,Bird Strike,67.0,High,Runway Change,15.9
Rain,Cruise,None,1,0,0,1,89,Runway Incursion,46.0,Medium,Continue Monitoring,13.4
Rain,Taxi,Substantial,3,1,0,0,249,Landing Gear Issue,77.5,High,Runway Change,18.5
Storm,Landing,Substantial,2,0,1,1,218,Bird Strike,100.0,Critical,Priority Landing,27.8
VMC,Landing,Destroyed,2,0,0,1,185,Bird Strike,93.5,Critical,Priority Landing,19.2
VMC,Takeoff,None,2,0,0,1,63,Fuel Low,49.5,Medium,Continue Monitoring,12.5
Windy,Taxi,None,2,0,0,0,164,Near Collision,62.0,High,Go Around,17.4
VMC,Landing,Minor,1,0,1,2,211,Engine Failure,77.5,High,Runway Change,16.9
Rain,Cruise,Minor,2,0,2,0,98,Runway Incursion,63.0,High,Holding Pattern,18.7
Fog,Approach,Minor,2,0,1,3,79,Engine Failure,89.5,Critical,Priority Landing,22.0
VMC,Landing,None,4,0,1,0,219,Runway Incursion,43.0,Medium,Continue Monitoring,10.1
IMC,Taxi,None,2,0,1,1,50,Engine Failure,60.5,High,Runway Change,17.8
VMC,Approach,None,2,1,0,0,229,Runway Incursion,46.0,Medium,Continue Monitoring,16.6
VMC,Takeoff,None,2,0,1,1,130,Landing Gear Issue,45.5,Medium,Continue Monitoring,11.4
IMC,Approach,None,2,1,0,1,186,Runway Incursion,60.5,High,Runway Change,17.8
VMC,Landing,Substantial,1,0,0,3,105,Landing Gear Issue,78.0,High,Runway Change,16.9
Fog,Takeoff,None,2,0,0,1,183,Medical Emergency,56.5,High,Runway Change,17.8
Windy,Landing,Minor,4,0,0,1,232,Near Collision,87.5,Critical,Priority Landing,21.1
Fog,Climb,Substantial,3,1,0,0,133,Cabin Pressure Failure,100.0,Critical,Priority Landing,29.4
VMC,Taxi,None,4,0,0,0,68,Engine Failure,39.0,Medium,Continue Monitoring,15.1
VMC,Approach,Minor,2,0,1,1,37,Runway Incursion,54.5,Medium,Continue Monitoring,14.2
VMC,Climb,Minor,2,1,1,3,232,Near Collision,85.5,Critical,Priority Landing,25.3
VMC,Takeoff,None,2,0,1,1,249,Medical Emergency,43.5,Medium,Continue Monitoring,12.4
Windy,Takeoff,Minor,2,0,1,2,169,Bird Strike,77.0,High,Runway Change,19.1
VMC,Landing,Substantial,2,0,0,0,23,Near Collision,94.0,Critical,Priority Landing,18.0
VMC,Cruise,Minor,2,1,2,1,223,Landing Gear Issue,60.5,High,Holding Pattern,17.6
Fog,Taxi,Substantial,2,0,0,0,133,Bird Strike,79.0,High,Runway Change,22.1
VMC,Climb,Destroyed,2,1,1,0,73,Landing Gear Issue,92.0,Critical,Priority Landing,23.1
VMC,Taxi,None,2,0,0,0,104,Cabin Pressure Failure,45.0,Medium,Emergency Descent,7.8
VMC,Taxi,Minor,2,1,1,4,236,Runway Incursion,58.0,High,Runway Change,16.2
Rain,Takeoff,Minor,1,0,0,0,198,Bird Strike,71.5,High,Runway Change,16.1
Fog,Approach,Minor,1,1,0,1,157,Engine Failure,93.0,Critical,Priority Landing,23.9
VMC,Taxi,Minor,2,0,0,1,189,Near Collision,62.5,High,Go Around,14.7
Windy,Climb,Minor,2,0,0,1,214,Fuel Low,68.5,High,Holding Pattern,18.9
Windy,Takeoff,Substantial,4,0,1,2,164,Medical Emergency,85.0,Critical,Priority Landing,20.1
Fog,Taxi,None,2,0,2,4,92,Cabin Pressure Failure,76.0,High,Emergency Descent,19.1
VMC,Cruise,Minor,1,0,0,1,37,Bird Strike,50.0,Medium,Continue Monitoring,14.1
VMC,Takeoff,None,1,0,0,2,48,Fuel Low,52.5,Medium,Continue Monitoring,14.0
Windy,Taxi,Minor,2,0,1,0,74,Fuel Low,64.0,High,Runway Change,15.8
VMC,Landing,Substantial,2,1,0,2,196,Fuel Low,92.0,Critical,Priority Landing,19.8
Rain,Takeoff,Substantial,2,0,0,0,41,Near Collision,100.0,Critical,Priority Landing,20.9
Fog,Climb,None,2,0,0,0,49,Bird Strike,56.0,High,Holding Pattern,19.4
VMC,Takeoff,Minor,2,0,1,1,245,Landing Gear Issue,57.5,High,Runway Change,14.2
Fog,Taxi,None,2,0,0,1,112,Near Collision,67.5,High,Go Around,22.5
Windy,Takeoff,None,2,1,0,0,49,Engine Failure,77.0,High,Runway Change,15.7
Rain,Landing,None,1,0,0,0,220,Cabin Pressure Failure,74.5,High,Emergency Descent,20.5
VMC,Approach,Substantial,2,1,0,0,242,Bird Strike,81.0,Critical,Priority Landing,20.3
Windy,Approach,None,2,0,3,4,135,Bird Strike,73.0,High,Runway Change,16.2
IMC,Landing,Destroyed,2,0,0,3,45,Near Collision,100.0,Critical,Priority Landing,27.6
Rain,Taxi,None,1,0,0,1,164,Bird Strike,48.0,Medium,Continue Monitoring,9.7
Fog,Takeoff,Minor,2,1,1,0,218,Cabin Pressure Failure,100.0,Critical,Priority Landing,22.5
Rain,Takeoff,Minor,2,0,1,1,242,Fuel Low,78.5,High,Runway Change,15.6
VMC,Takeoff,Minor,2,0,0,1,152,Fuel Low,61.5,High,Runway Change,14.3
VMC,Landing,Minor,2,0,1,2,237,Near Collision,83.0,Critical,Priority Landing,18.3
VMC,Approach,Minor,4,0,1,1,211,Near Collision,73.5,High,Go Around,16.2
IMC,Takeoff,Substantial,2,1,0,1,57,Engine Failure,100.0,Critical,Priority Landing,26.2
IMC,Climb,Minor,4,0,2,0,165,Runway Incursion,64.0,High,Holding Pattern,18.2
IMC,Approach,None,4,0,0,0,173,Cabin Pressure Failure,65.0,High,Emergency Descent,20.7
VMC,Landing,None,2,0,0,2,196,Fuel Low,53.0,Medium,Continue Monitoring,10.7
Fog,Cruise,Minor,2,0,1,2,142,Engine Failure,81.0,Critical,Priority Landing,24.3
Windy,Taxi,Minor,2,0,0,0,188,Medical Emergency,50.0,Medium,Continue Monitoring,12.2
VMC,Taxi,Minor,4,0,0,0,154,Near Collision,58.0,High,Go Around,12.1
Rain,Landing,Minor,2,0,0,0,79,Engine Failure,82.0,Critical,Priority Landing,16.0
Rain,Cruise,None,2,0,1,3,131,Fuel Low,59.5,High,Holding Pattern,15.7
IMC,Taxi,Substantial,1,0,0,1,235,Landing Gear Issue,73.0,High,Runway Change,21.1
VMC,Landing,Minor,3,0,0,0,213,Engine Failure,67.5,High,Runway Change,17.3
Fog,Approach,Minor,1,0,0,0,168,Runway Incursion,67.5,High,Runway Change,21.3
Storm,Cruise,Minor,1,0,0,3,94,Bird Strike,78.0,High,Holding Pattern,23.1
Rain,Landing,Substantial,2,0,0,0,66,Cabin Pressure Failure,100.0,Critical,Priority Landing,20.4
Windy,Approach,Minor,2,0,0,2,85,Runway Incursion,65.0,High,Runway Change,13.9
Storm,Climb,Destroyed,4,0,0,1,90,Landing Gear Issue,100.0,Critical,Priority Landing,29.9
VMC,Taxi,None,2,0,0,2,241,Cabin Pressure Failure,48.0,Medium,Emergency Descent,8.6
Rain,Takeoff,Minor,2,2,0,0,142,Bird Strike,88.0,Critical,Priority Landing,22.3
IMC,Landing,Minor,2,0,0,0,109,Engine Failure,82.0,Critical,Priority Landing,21.8
Storm,Approach,Minor,2,0,0,2,222,Near Collision,99.0,Critical,Priority Landing,24.3
VMC,Approach,None,2,1,1,0,104,Cabin Pressure Failure,68.0,High,Emergency Descent,16.9
VMC,Takeoff,Minor,2,0,0,1,203,Runway Incursion,53.5,Medium,Continue Monitoring,15.7
Windy,Cruise,None,2,0,1,1,167,Landing Gear Issue,48.5,Medium,Continue Monitoring,16.4
VMC,Taxi,Substantial,2,0,0,2,89,Runway Incursion,60.0,High,Runway Change,16.9
Fog,Climb,None,4,0,0,2,240,Cabin Pressure Failure,69.0,High,Emergency Descent,23.7
VMC,Landing,None,2,0,1,2,178,Near Collision,71.0,High,Go Around,19.2
Storm,Taxi,Minor,1,0,1,1,247,Near Collision,93.0,Critical,Priority Landing,27.2
Windy,Taxi,None,2,1,3,2,20,Bird Strike,69.0,High,Runway Change,16.2
VMC,Approach,None,2,0,1,3,84,Fuel Low,53.5,Medium,Continue Monitoring,16.5
Fog,Climb,Minor,4,1,0,0,96,Engine Failure,84.0,Critical,Priority Landing,26.4
VMC,Landing,Minor,2,2,1,1,175,Fuel Low,85.5,Critical,Priority Landing,19.6
Rain,Cruise,None,2,0,1,3,213,Bird Strike,56.5,High,Holding Pattern,15.3
Rain,Approach,Minor,2,0,0,4,47,Landing Gear Issue,68.0,High,Runway Change,15.7
Fog,Landing,Minor,2,0,0,1,54,Runway Incursion,72.5,High,Runway Change,22.6
VMC,Landing,Substantial,2,0,0,0,175,Near Collision,94.0,Critical,Priority Landing,18.3
VMC,Climb,None,2,0,0,0,101,Medical Emergency,32.0,Medium,Continue Monitoring,14.1
Rain,Landing,None,2,0,0,1,180,Engine Failure,71.5,High,Runway Change,17.6
IMC,Approach,Destroyed,3,0,2,0,20,Cabin Pressure Failure,100.0,Critical,Priority Landing,26.6
IMC,Taxi,Minor,2,0,0,0,140,Engine Failure,67.0,High,Runway Change,15.6
VMC,Approach,None,1,0,0,2,25,Engine Failure,56.5,High,Runway Change,14.0
VMC,Taxi,Substantial,2,0,1,4,238,Bird Strike,72.0,High,Runway Change,18.3
Windy,Taxi,None,2,0,0,1,53,Medical Emergency,39.5,Medium,Continue Monitoring,9.6
VMC,Taxi,Substantial,2,0,1,2,60,Near Collision,86.0,Critical,Priority Landing,19.7
VMC,Landing,Minor,4,0,1,5,43,Medical Emergency,60.5,High,Runway Change,10.1
Windy,Approach,Destroyed,4,0,0,1,70,Runway Incursion,93.5,Critical,Priority Landing,22.2
VMC,Takeoff,Destroyed,1,0,0,0,132,Cabin Pressure Failure,100.0,Critical,Priority Landing,20.7
Rain,Cruise,None,2,1,1,1,162,Landing Gear Issue,57.5,High,Holding Pattern,19.1
VMC,Cruise,Substantial,2,0,1,2,227,Medical Emergency,65.0,High,Holding Pattern,15.0
Windy,Landing,None,2,1,1,3,221,Fuel Low,80.5,Critical,Priority Landing,19.9
Rain,Approach,Minor,2,1,0,2,39,Engine Failure,89.0,Critical,Priority Landing,19.5
Windy,Cruise,Minor,1,0,1,0,118,Bird Strike,65.5,High,Holding Pattern,20.4
VMC,Takeoff,None,1,0,1,0,220,Engine Failure,60.5,High,Runway Change,13.0
IMC,Landing,None,4,0,1,0,58,Bird Strike,61.0,High,Runway Change,17.7
Fog,Cruise,None,2,1,1,2,173,Landing Gear Issue,63.0,High,Holding Pattern,26.8
VMC,Takeoff,None,2,0,0,1,118,Cabin Pressure Failure,59.5,High,Emergency Descent,13.1
VMC,Climb,None,2,0,0,0,58,Cabin Pressure Failure,52.0,Medium,Emergency Descent,14.9
VMC,Taxi,Substantial,4,1,0,4,34,Medical Emergency,67.0,High,Runway Change,15.5
Storm,Takeoff,Minor,2,0,0,2,86,Near Collision,100.0,Critical,Priority Landing,24.0
Rain,Cruise,Substantial,4,1,1,0,20,Cabin Pressure Failure,100.0,Critical,Priority Landing,27.4
Rain,Approach,Substantial,4,0,0,1,64,Landing Gear Issue,78.5,High,Runway Change,21.6
Rain,Takeoff,Minor,2,0,0,0,146,Runway Incursion,65.0,High,Runway Change,14.3
IMC,Takeoff,None,2,0,2,0,201,Cabin Pressure Failure,79.0,High,Emergency Descent,18.8
IMC,Taxi,Substantial,2,0,1,1,136,Runway Incursion,75.5,High,Runway Change,23.9
VMC,Approach,Minor,2,0,1,3,186,Cabin Pressure Failure,75.5,High,Emergency Descent,19.8
Rain,Climb,Minor,2,1,0,2,37,Landing Gear Issue,71.0,High,Holding Pattern,21.4
VMC,Climb,Substantial,1,0,0,1,90,Cabin Pressure Failure,85.0,Critical,Priority Landing,24.6
Windy,Cruise,Minor,2,0,1,4,171,Runway Incursion,65.0,High,Holding Pattern,17.0
Fog,Landing,Minor,2,0,0,2,32,Bird Strike,79.0,High,Runway Change,21.9
VMC,Landing,Substantial,2,0,0,2,154,Bird Strike,80.0,Critical,Priority Landing,15.6
IMC,Climb,Minor,2,0,1,1,58,Fuel Low,72.5,High,Holding Pattern,21.2
VMC,Landing,Substantial,2,0,0,0,116,Runway Incursion,72.0,High,Runway Change,18.9
Storm,Taxi,None,1,1,2,0,164,Landing Gear Issue,70.5,High,Runway Change,19.3
Windy,Climb,None,1,0,0,1,246,Medical Emergency,48.0,Medium,Continue Monitoring,20.2
Windy,Takeoff,Minor,2,0,0,0,40,Medical Emergency,63.0,High,Runway Change,15.5
VMC,Taxi,None,2,0,0,3,146,Medical Emergency,29.5,Low,Continue Monitoring,8.0
VMC,Approach,Destroyed,2,0,0,0,143,Bird Strike,87.0,Critical,Priority Landing,21.3
VMC,Landing,None,2,1,0,1,34,Cabin Pressure Failure,70.5,High,Emergency Descent,20.3
VMC,Climb,Minor,2,0,0,2,160,Runway Incursion,49.0,Medium,Continue Monitoring,16.8
VMC,Climb,None,4,0,0,1,37,Runway Incursion,32.5,Medium,Continue Monitoring,10.4
VMC,Climb,Destroyed,2,0,0,0,178,Engine Failure,94.0,Critical,Priority Landing,24.7
Storm,Climb,None,1,0,0,2,67,Fuel Low,71.5,High,Holding Pattern,26.6
VMC,Cruise,None,2,0,1,1,48,Near Collision,57.5,High,Go Around,16.4
VMC,Takeoff,None,2,0,1,3,36,Cabin Pressure Failure,66.5,High,Emergency Descent,14.4
Fog,Taxi,Minor,4,0,0,2,125,Near Collision,78.0,High,Go Around,24.1
IMC,Approach,Destroyed,4,0,0,0,74,Near Collision,100.0,Critical,Priority Landing,26.3
Fog,Taxi,Destroyed,2,0,0,0,126,Fuel Low,97.0,Critical,Priority Landing,23.3
Rain,Approach,None,1,0,1,0,226,Medical Emergency,53.5,Medium,Continue Monitoring,12.9
Windy,Climb,Minor,2,0,0,1,212,Bird Strike,65.5,High,Holding Pattern,17.3
Rain,Approach,None,4,0,0,2,192,Near Collision,72.0,High,Go Around,17.6
IMC,Takeoff,Minor,2,0,0,2,127,Medical Emergency,66.0,High,Runway Change,20.1
Rain,Landing,Minor,4,0,0,0,45,Fuel Low,72.0,High,Runway Change,19.3
VMC,Landing,None,2,0,0,2,113,Runway Incursion,45.0,Medium,Continue Monitoring,13.5
VMC,Takeoff,Minor,1,0,0,4,25,Landing Gear Issue,59.5,High,Runway Change,11.6
IMC,Approach,Substantial,2,0,0,0,48,Landing Gear Issue,80.0,Critical,Priority Landing,23.2
VMC,Approach,None,2,2,1,1,89,Bird Strike,65.5,High,Runway Change,17.6
Fog,Climb,None,1,0,1,1,179,Runway Incursion,58.0,High,Holding Pattern,22.4
VMC,Takeoff,None,2,0,0,1,201,Cabin Pressure Failure,59.5,High,Emergency Descent,16.8
VMC,Landing,None,2,0,1,1,162,Engine Failure,62.5,High,Runway Change,14.2
VMC,Climb,None,2,0,0,2,79,Medical Emergency,35.0,Medium,Continue Monitoring,11.4
Fog,Approach,Minor,2,1,2,1,184,Bird Strike,89.5,Critical,Priority Landing,26.0
VMC,Climb,None,2,0,0,4,249,Fuel Low,48.0,Medium,Continue Monitoring,13.5
Rain,Approach,Minor,2,1,2,5,170,Cabin Pressure Failure,100.0,Critical,Priority Landing,17.7
Windy,Takeoff,Substantial,2,0,0,1,195,Medical Emergency,82.5,Critical,Priority Landing,20.9
VMC,Cruise,Substantial,4,0,1,1,221,Near Collision,84.5,Critical,Priority Landing,20.8
Fog,Approach,Minor,4,0,1,2,184,Runway Incursion,70.0,High,Runway Change,20.0
VMC,Cruise,None,2,1,1,0,221,Engine Failure,58.0,High,Holding Pattern,14.6
VMC,Approach,None,2,0,0,0,88,Runway Incursion,37.0,Medium,Continue Monitoring,8.0
Rain,Climb,None,2,0,0,1,90,Bird Strike,53.5,Medium,Continue Monitoring,14.3
Windy,Cruise,Destroyed,2,1,0,0,60,Engine Failure,100.0,Critical,Priority Landing,24.3
VMC,Landing,Destroyed,3,2,0,1,61,Engine Failure,100.0,Critical,Priority Landing,22.7
IMC,Cruise,None,2,0,0,0,147,Engine Failure,58.0,High,Holding Pattern,16.8
VMC,Takeoff,None,2,1,1,0,233,Fuel Low,61.0,High,Runway Change,16.5
IMC,Taxi,Minor,2,0,1,3,70,Runway Incursion,60.5,High,Runway Change,16.5
Rain,Landing,None,2,0,1,1,183,Near Collision,82.5,Critical,Priority Landing,16.7
Rain,Landing,Destroyed,4,0,0,1,37,Medical Emergency,96.5,Critical,Priority Landing,22.7
Rain,Landing,None,2,0,0,0,243,Landing Gear Issue,55.0,High,Runway Change,13.8
VMC,Landing,None,4,1,0,1,140,Medical Emergency,47.5,Medium,Continue Monitoring,9.5
Rain,Landing,None,1,0,1,2,134,Engine Failure,78.5,High,Runway Change,21.8
Rain,Approach,None,2,0,1,1,102,Engine Failure,70.5,High,Runway Change,15.0
Rain,Takeoff,None,4,0,2,1,241,Cabin Pressure Failure,77.5,High,Emergency Descent,18.4
VMC,Approach,Substantial,2,0,0,0,116,Bird Strike,72.0,High,Runway Change,17.4
VMC,Climb,None,1,0,0,1,48,Fuel Low,45.0,Medium,Continue Monitoring,17.9
VMC,Landing,Minor,3,0,0,0,149,Fuel Low,60.5,High,Runway Change,14.0
VMC,Cruise,None,3,0,1,2,155,Medical Emergency,33.5,Medium,Continue Monitoring,15.0
VMC,Taxi,None,2,0,0,2,191,Landing Gear Issue,30.0,Medium,Continue Monitoring,7.9
VMC,Approach,None,2,0,1,1,134,Engine Failure,57.5,High,Runway Change,16.6
Rain,Approach,None,3,0,0,1,84,Engine Failure,65.0,High,Runway Change,14.2
VMC,Taxi,None,2,0,1,0,20,Fuel Low,39.0,Medium,Continue Monitoring,10.3
Fog,Cruise,None,2,0,0,2,246,Near Collision,72.0,High,Go Around,27.8
IMC,Cruise,Substantial,2,0,0,3,64,Fuel Low,85.5,Critical,Priority Landing,27.0
Fog,Cruise,Minor,2,1,0,0,100,Bird Strike,73.0,High,Holding Pattern,24.4
IMC,Taxi,Substantial,3,0,0,1,55,Near Collision,92.0,Critical,Priority Landing,29.0
IMC,Landing,None,2,0,0,1,74,Cabin Pressure Failure,74.5,High,Emergency Descent,22.1
Rain,Takeoff,Minor,4,0,0,0,33,Near Collision,84.0,Critical,Priority Landing,17.5
Windy,Cruise,Minor,2,0,1,1,98,Near Collision,82.5,Critical,Priority Landing,23.3
IMC,Cruise,None,2,0,0,0,238,Near Collision,65.0,High,Go Around,20.3
IMC,Approach,None,2,0,0,0,71,Cabin Pressure Failure,68.0,High,Emergency Descent,22.5
Rain,Takeoff,Minor,2,0,0,0,242,Cabin Pressure Failure,83.0,Critical,Priority Landing,21.4
Rain,Landing,Substantial,3,1,0,0,165,Runway Incursion,92.5,Critical,Priority Landing,19.5
VMC,Landing,Minor,2,1,0,0,225,Fuel Low,71.0,High,Runway Change,15.5
IMC,Climb,None,2,0,0,1,162,Fuel Low,56.5,High,Holding Pattern,21.5
IMC,Takeoff,Destroyed,2,0,1,1,247,Bird Strike,100.0,Critical,Priority Landing,26.0
Windy,Approach,None,2,0,1,3,146,Runway Incursion,58.5,High,Runway Change,12.6
IMC,Climb,Destroyed,1,0,1,0,211,Engine Failure,100.0,Critical,Priority Landing,30.1
IMC,Taxi,Substantial,2,0,2,0,28,Bird Strike,83.0,Critical,Priority Landing,18.9
Storm,Landing,Substantial,2,0,0,0,234,Bird Strike,100.0,Critical,Priority Landing,25.1
IMC,Taxi,Substantial,2,0,3,5,24,Fuel Low,97.5,Critical,Priority Landing,24.7
VMC,Approach,None,2,0,0,2,65,Bird Strike,45.0,Medium,Continue Monitoring,11.6
VMC,Taxi,Minor,2,0,0,3,189,Cabin Pressure Failure,61.5,High,Emergency Descent,15.7
VMC,Takeoff,Substantial,2,0,1,2,79,Landing Gear Issue,77.0,High,Runway Change,15.4
VMC,Climb,Minor,2,1,0,1,29,Medical Emergency,54.5,Medium,Continue Monitoring,18.0
VMC,Takeoff,None,4,0,0,1,218,Landing Gear Issue,38.5,Medium,Continue Monitoring,10.6
Fog,Landing,None,1,0,0,1,137,Fuel Low,70.0,High,Runway Change,19.3
Rain,Approach,None,2,1,1,0,130,Runway Incursion,63.0,High,Runway Change,12.6
VMC,Climb,Minor,1,0,1,0,92,Bird Strike,56.5,High,Holding Pattern,14.8
IMC,Climb,Minor,3,1,0,2,184,Cabin Pressure Failure,87.5,Critical,Priority Landing,27.5
VMC,Approach,Substantial,2,0,0,0,92,Runway Incursion,67.0,High,Runway Change,14.1
Windy,Climb,Substantial,2,0,0,0,149,Near Collision,99.0,Critical,Priority Landing,24.9
VMC,Approach,Minor,3,0,0,2,49,Landing Gear Issue,50.5,Medium,Continue Monitoring,15.2
Rain,Approach,None,2,0,1,0,90,Cabin Pressure Failure,72.0,High,Emergency Descent,19.0
VMC,Climb,Minor,2,0,0,0,26,Cabin Pressure Failure,64.0,High,Emergency Descent,21.6
Rain,Climb,None,2,0,1,0,85,Near Collision,73.0,High,Go Around,19.5
VMC,Cruise,None,1,0,0,0,107,Fuel Low,39.5,Medium,Continue Monitoring,11.9
Fog,Approach,None,4,0,0,1,192,Bird Strike,57.5,High,Runway Change,20.4
VMC,Climb,None,2,1,0,1,209,Landing Gear Issue,44.5,Medium,Continue Monitoring,15.6
Windy,Cruise,None,2,0,0,1,142,Landing Gear Issue,44.5,Medium,Continue Monitoring,17.3
IMC,Approach,Minor,4,0,0,1,232,Landing Gear Issue,60.5,High,Runway Change,18.9
Fog,Climb,None,2,0,0,1,102,Runway Incursion,52.5,Medium,Continue Monitoring,22.8
Fog,Approach,None,2,0,0,0,133,Bird Strike,59.0,High,Runway Change,20.3
Storm,Takeoff,None,1,0,0,0,161,Bird Strike,71.5,High,Runway Change,22.3
VMC,Takeoff,Minor,2,0,1,1,60,Fuel Low,65.5,High,Runway Change,16.8
VMC,Climb,Minor,4,0,0,1,116,Cabin Pressure Failure,62.5,High,Emergency Descent,19.0
VMC,Climb,None,4,0,1,1,226,Bird Strike,41.5,Medium,Continue Monitoring,14.9
VMC,Takeoff,None,2,0,1,0,129,Runway Incursion,44.0,Medium,Continue Monitoring,12.4
IMC,Taxi,Destroyed,2,0,0,1,234,Engine Failure,100.0,Critical,Priority Landing,28.0
Storm,Climb,Minor,2,0,0,1,175,Landing Gear Issue,72.5,High,Holding Pattern,23.0
Storm,Landing,Minor,4,0,0,2,59,Medical Emergency,77.0,High,Runway Change,25.3
IMC,Taxi,Minor,1,0,0,0,125,Medical Emergency,51.5,Medium,Continue Monitoring,17.1
Rain,Landing,Substantial,2,0,0,1,104,Medical Emergency,84.5,Critical,Priority Landing,21.2
Windy,Landing,Substantial,2,0,0,1,238,Medical Emergency,84.5,Critical,Priority Landing,19.0
Windy,Takeoff,None,2,0,1,1,97,Cabin Pressure Failure,76.5,High,Emergency Descent,17.3
VMC,Cruise,Minor,2,1,1,0,131,Fuel Low,63.0,High,Holding Pattern,22.4
IMC,Landing,None,4,0,0,0,178,Fuel Low,60.0,High,Runway Change,18.2
Fog,Approach,Minor,2,0,0,0,241,Medical Emergency,64.0,High,Runway Change,17.0
VMC,Takeoff,None,2,0,1,0,145,Bird Strike,49.0,Medium,Continue Monitoring,11.4
VMC,Approach,None,2,0,0,1,214,Bird Strike,43.5,Medium,Continue Monitoring,11.2
Storm,Landing,Destroyed,4,0,1,0,46,Medical Emergency,100.0,Critical,Priority Landing,30.3
Storm,Landing,Substantial,2,0,0,2,224,Engine Failure,100.0,Critical,Priority Landing,26.4
Windy,Cruise,None,2,0,0,4,67,Medical Emergency,47.0,Medium,Continue Monitoring,17.3
Fog,Climb,Destroyed,2,0,1,0,195,Medical Emergency,98.0,Critical,Priority Landing,26.6
VMC,Climb,None,2,0,1,1,142,Engine Failure,54.5,Medium,Continue Monitoring,17.5
VMC,Climb,Minor,1,0,0,2,159,Medical Emergency,48.5,Medium,Continue Monitoring,17.1
IMC,Cruise,Substantial,4,0,0,2,41,Near Collision,95.0,Critical,Priority Landing,31.7
IMC,Climb,None,2,0,2,2,142,Runway Incursion,58.0,High,Holding Pattern,20.0
IMC,Cruise,Minor,2,0,0,1,39,Medical Emergency,54.5,Medium,Continue Monitoring,22.0
Rain,Takeoff,Minor,2,0,1,0,146,Cabin Pressure Failure,87.0,Critical,Priority Landing,20.3
VMC,Climb,None,4,0,1,4,113,Engine Failure,56.0,High,Holding Pattern,15.0
Rain,Climb,None,2,0,1,0,66,Fuel Low,59.0,High,Holding Pattern,17.6
VMC,Takeoff,None,2,1,1,2,132,Near Collision,78.0,High,Go Around,17.5
VMC,Taxi,Minor,1,0,1,3,69,Medical Emergency,47.0,Medium,Continue Monitoring,7.8
VMC,Landing,None,4,0,0,2,39,Landing Gear Issue,42.0,Medium,Continue Monitoring,12.8
VMC,Taxi,None,4,0,0,4,27,Runway Incursion,30.0,Medium,Continue Monitoring,10.5
Windy,Approach,Minor,2,0,1,2,98,Landing Gear Issue,69.0,High,Runway Change,15.5
VMC,Takeoff,None,2,0,1,0,191,Medical Emergency,42.0,Medium,Continue Monitoring,8.9
VMC,Taxi,None,2,0,1,1,152,Engine Failure,47.5,Medium,Continue Monitoring,15.5
Fog,Cruise,Minor,3,1,1,0,48,Cabin Pressure Failure,88.5,Critical,Priority Landing,27.5
IMC,Landing,Substantial,2,0,0,1,122,Landing Gear Issue,86.5,Critical,Priority Landing,25.6
VMC,Cruise,None,4,0,0,2,153,Bird Strike,35.0,Medium,Continue Monitoring,16.1
VMC,Cruise,Substantial,2,0,1,1,73,Landing Gear Issue,65.5,High,Holding Pattern,17.7
VMC,Cruise,Minor,2,1,0,2,51,Engine Failure,69.0,High,Holding Pattern,21.0
Rain,Climb,None,2,0,1,3,77,Cabin Pressure Failure,73.5,High,Emergency Descent,19.7
VMC,Approach,Substantial,3,0,1,0,35,Landing Gear Issue,69.5,High,Runway Change,16.4
VMC,Landing,Minor,2,0,1,1,75,Bird Strike,64.5,High,Runway Change,15.4
VMC,Takeoff,Minor,2,0,1,1,142,Fuel Low,65.5,High,Runway Change,15.8
IMC,Takeoff,Minor,2,0,0,1,204,Runway Incursion,66.5,High,Runway Change,22.2
VMC,Taxi,Minor,2,0,0,2,220,Fuel Low,50.0,Medium,Continue Monitoring,13.2
Fog,Approach,Destroyed,3,0,1,1,174,Near Collision,100.0,Critical,Priority Landing,25.7
VMC,Taxi,Minor,1,0,1,2,101,Engine Failure,62.5,High,Runway Change,14.7
Rain,Approach,Substantial,2,1,1,0,234,Near Collision,100.0,Critical,Priority Landing,22.7
VMC,Approach,Minor,2,0,0,2,231,Cabin Pressure Failure,70.0,High,Emergency Descent,14.8
VMC,Taxi,Substantial,2,0,0,1,102,Cabin Pressure Failure,76.5,High,Emergency Descent,16.8
VMC,Approach,Destroyed,2,1,0,1,22,Near Collision,100.0,Critical,Priority Landing,21.9
Fog,Climb,None,2,0,0,4,119,Medical Emergency,55.0,High,Holding Pattern,19.8
Windy,Approach,None,2,1,1,3,127,Near Collision,89.5,Critical,Priority Landing,19.9
VMC,Climb,Minor,1,1,2,0,175,Medical Emergency,62.5,High,Holding Pattern,17.0
VMC,Cruise,None,2,1,0,1,53,Runway Incursion,40.5,Medium,Continue Monitoring,18.3
Windy,Landing,Minor,4,0,1,1,145,Cabin Pressure Failure,87.5,Critical,Priority Landing,22.4
IMC,Takeoff,Substantial,2,0,0,3,92,Fuel Low,95.5,Critical,Priority Landing,26.1
VMC,Landing,Substantial,2,0,2,1,133,Landing Gear Issue,81.5,Critical,Priority Landing,18.6
VMC,Approach,None,2,0,0,0,25,Fuel Low,45.0,Medium,Continue Monitoring,16.5
Rain,Climb,Minor,2,3,0,1,141,Landing Gear Issue,87.5,Critical,Priority Landing,23.4
Rain,Takeoff,None,1,0,1,0,28,Landing Gear Issue,58.5,High,Runway Change,14.4
IMC,Landing,Minor,2,0,1,3,216,Cabin Pressure Failure,93.5,Critical,Priority Landing,25.4
Storm,Landing,None,1,0,0,2,183,Medical Emergency,69.5,High,Runway Change,21.1
IMC,Landing,Minor,2,0,0,2,231,Fuel Low,78.0,High,Runway Change,24.9
VMC,Cruise,Minor,2,0,0,0,170,Runway Incursion,42.0,Medium,Continue Monitoring,14.5
IMC,Approach,Minor,2,0,1,4,245,Fuel Low,80.0,Critical,Priority Landing,26.6
VMC,Cruise,Minor,2,0,1,0,67,Cabin Pressure Failure,64.0,High,Emergency Descent,16.8
VMC,Cruise,None,4,0,2,1,21,Runway Incursion,36.5,Medium,Continue Monitoring,15.0
VMC,Climb,None,2,0,1,0,227,Bird Strike,43.0,Medium,Continue Monitoring,12.7
VMC,Climb,None,2,0,0,1,171,Bird Strike,40.5,Medium,Continue Monitoring,17.9
Rain,Taxi,Destroyed,2,0,2,0,178,Landing Gear Issue,93.0,Critical,Priority Landing,20.1
VMC,Approach,Substantial,1,1,1,1,86,Landing Gear Issue,83.0,Critical,Priority Landing,18.8
VMC,Climb,None,2,2,0,1,97,Fuel Low,61.5,High,Holding Pattern,19.9
Rain,Taxi,None,2,0,0,1,176,Bird Strike,46.5,Medium,Continue Monitoring,14.9
Rain,Takeoff,None,3,0,0,1,113,Near Collision,75.0,High,Go Around,15.3
Fog,Approach,Minor,3,0,0,1,37,Cabin Pressure Failure,84.0,Critical,Priority Landing,22.4
Fog,Takeoff,None,3,0,0,0,87,Fuel Low,63.5,High,Runway Change,16.6
Rain,Cruise,None,2,0,0,1,108,Bird Strike,49.5,Medium,Continue Monitoring,16.2
VMC,Approach,None,2,1,0,3,211,Cabin Pressure Failure,68.5,High,Emergency Descent,16.1
IMC,Taxi,None,3,0,0,0,99,Fuel Low,46.5,Medium,Continue Monitoring,15.7
Rain,Taxi,None,4,2,1,0,133,Cabin Pressure Failure,77.0,High,Emergency Descent,16.5
VMC,Taxi,None,2,0,1,3,157,Near Collision,57.5,High,Go Around,13.6
VMC,Climb,Minor,4,1,0,1,51,Fuel Low,61.5,High,Holding Pattern,16.6
VMC,Takeoff,Minor,4,1,2,0,153,Cabin Pressure Failure,84.0,Critical,Priority Landing,20.2
IMC,Taxi,None,2,0,1,0,66,Landing Gear Issue,44.0,Medium,Continue Monitoring,19.0
VMC,Taxi,Minor,1,0,0,2,221,Cabin Pressure Failure,61.5,High,Emergency Descent,11.2
VMC,Climb,Minor,2,0,0,1,88,Bird Strike,52.5,Medium,Continue Monitoring,16.2
Fog,Takeoff,Substantial,2,0,1,0,90,Near Collision,100.0,Critical,Priority Landing,25.2
Windy,Approach,Destroyed,1,0,1,0,112,Medical Emergency,98.5,Critical,Priority Landing,22.7
VMC,Takeoff,None,2,0,0,0,102,Near Collision,62.0,High,Go Around,13.3
Windy,Takeoff,Substantial,2,0,0,1,156,Engine Failure,99.5,Critical,Priority Landing,21.6
VMC,Taxi,Minor,4,0,0,3,186,Near Collision,62.5,High,Go Around,13.2
Windy,Cruise,Minor,3,0,0,1,241,Near Collision,77.0,High,Go Around,22.3
Storm,Takeoff,None,2,0,1,0,224,Engine Failure,84.0,Critical,Priority Landing,23.3
VMC,Approach,None,2,0,0,1,80,Medical Emergency,36.5,Medium,Continue Monitoring,10.2
Fog,Cruise,None,1,0,0,2,158,Medical Emergency,49.5,Medium,Continue Monitoring,20.7
Storm,Approach,Destroyed,2,1,0,1,95,Cabin Pressure Failure,100.0,Critical,Priority Landing,25.5
Windy,Taxi,Minor,2,0,0,2,205,Cabin Pressure Failure,73.0,High,Emergency Descent,14.0
Storm,Climb,None,2,0,0,1,25,Near Collision,82.5,Critical,Priority Landing,27.0
IMC,Approach,Minor,4,2,0,1,248,Landing Gear Issue,78.5,High,Runway Change,22.7
VMC,Landing,None,2,0,0,1,105,Runway Incursion,43.5,Medium,Continue Monitoring,11.5
Fog,Cruise,None,2,0,0,1,191,Fuel Low,56.5,High,Holding Pattern,23.1
Rain,Taxi,Minor,2,0,1,2,175,Landing Gear Issue,59.0,High,Runway Change,17.1
Rain,Cruise,Minor,3,0,0,0,104,Medical Emergency,51.5,Medium,Continue Monitoring,14.1
VMC,Cruise,Substantial,2,0,0,3,241,Runway Incursion,64.5,High,Holding Pattern,17.0
IMC,Taxi,Minor,2,2,1,3,81,Medical Emergency,76.5,High,Runway Change,24.9
VMC,Approach,Minor,2,0,0,0,190,Fuel Low,57.0,High,Runway Change,17.1
Rain,Taxi,Substantial,2,0,2,4,233,Near Collision,100.0,Critical,Priority Landing,20.5
VMC,Landing,None,2,0,0,4,47,Near Collision,70.0,High,Go Around,14.2
Rain,Landing,Minor,2,0,0,0,230,Engine Failure,82.0,Critical,Priority Landing,17.5
Fog,Climb,Minor,2,0,0,2,224,Engine Failure,81.0,Critical,Priority Landing,24.6
IMC,Cruise,None,1,0,0,2,107,Runway Incursion,47.5,Medium,Continue Monitoring,16.4
IMC,Taxi,None,2,0,1,4,212,Bird Strike,55.0,High,Runway Change,18.0
VMC,Approach,None,2,0,0,0,21,Medical Emergency,35.0,Medium,Continue Monitoring,7.7
Storm,Climb,None,2,0,0,2,63,Medical Emergency,60.0,High,Holding Pattern,19.4
Rain,Climb,Minor,1,0,0,1,193,Medical Emergency,60.0,High,Holding Pattern,19.6
VMC,Landing,None,2,0,0,0,234,Medical Emergency,40.0,Medium,Continue Monitoring,9.8
VMC,Climb,Minor,4,0,0,2,48,Landing Gear Issue,46.0,Medium,Continue Monitoring,15.1
VMC,Takeoff,None,4,0,0,0,184,Cabin Pressure Failure,55.0,High,Emergency Descent,15.2
IMC,Landing,None,2,0,0,2,43,Runway Incursion,58.0,High,Runway Change,20.1
Windy,Climb,None,2,0,0,2,200,Medical Emergency,48.0,Medium,Continue Monitoring,15.0
Rain,Landing,None,2,0,1,2,226,Medical Emergency,60.0,High,Runway Change,14.9
VMC,Approach,Destroyed,4,0,0,0,125,Near Collision,100.0,Critical,Priority Landing,20.3
Windy,Taxi,None,2,0,1,0,43,Bird Strike,49.0,Medium,Continue Monitoring,16.3
VMC,Approach,None,1,2,0,5,66,Landing Gear Issue,64.0,High,Runway Change,16.8
Windy,Taxi,None,2,1,0,0,136,Landing Gear Issue,49.0,Medium,Continue Monitoring,10.6
VMC,Taxi,None,4,0,0,2,203,Bird Strike,32.0,Medium,Continue Monitoring,9.8
Rain,Climb,Minor,2,0,0,1,139,Bird Strike,65.5,High,Holding Pattern,20.2
Windy,Taxi,Substantial,2,0,1,1,129,Fuel Low,83.5,Critical,Priority Landing,20.0
VMC,Landing,None,2,0,0,2,158,Bird Strike,50.0,Medium,Continue Monitoring,16.7
Rain,Takeoff,Minor,2,0,0,1,242,Engine Failure,81.5,Critical,Priority Landing,21.4
Storm,Takeoff,Minor,2,0,0,1,201,Runway Incursion,78.5,High,Runway Change,21.1
VMC,Climb,Substantial,2,1,0,2,55,Bird Strike,81.0,Critical,Priority Landing,21.4
VMC,Takeoff,Minor,4,1,0,0,65,Fuel Low,66.0,High,Runway Change,13.3
Rain,Cruise,None,2,1,0,3,101,Landing Gear Issue,56.5,High,Holding Pattern,17.7
VMC,Taxi,Minor,1,0,1,1,82,Medical Emergency,44.0,Medium,Continue Monitoring,12.2
VMC,Cruise,Substantial,3,0,4,0,189,Engine Failure,89.5,Critical,Priority Landing,28.5
IMC,Takeoff,Minor,2,1,0,1,248,Bird Strike,80.5,Critical,Priority Landing,22.7
Fog,Cruise,Destroyed,2,0,0,2,151,Bird Strike,100.0,Critical,Priority Landing,24.8
VMC,Climb,Substantial,2,0,0,2,224,Cabin Pressure Failure,85.0,Critical,Priority Landing,21.0
VMC,Taxi,None,3,0,1,2,119,Medical Emergency,30.5,Medium,Continue Monitoring,9.7
Fog,Takeoff,Substantial,2,0,2,1,178,Engine Failure,100.0,Critical,Priority Landing,23.5
IMC,Landing,Minor,2,0,0,0,181,Fuel Low,75.0,High,Runway Change,19.8
Fog,Cruise,Minor,2,0,0,2,87,Medical Emergency,60.0,High,Holding Pattern,21.1
VMC,Takeoff,Minor,2,0,0,1,188,Cabin Pressure Failure,71.5,High,Emergency Descent,17.6
Storm,Landing,Substantial,2,0,0,3,143,Medical Emergency,99.5,Critical,Priority Landing,25.6
Rain,Cruise,Minor,2,0,0,0,152,Landing Gear Issue,55.0,High,Holding Pattern,15.1
VMC,Landing,Minor,2,0,0,2,77,Medical Emergency,55.0,High,Runway Change,15.5
Windy,Approach,None,2,0,0,1,93,Near Collision,73.5,High,Go Around,16.2
IMC,Landing,None,3,1,0,0,217,Cabin Pressure Failure,80.5,Critical,Priority Landing,21.5
VMC,Cruise,Substantial,2,1,0,2,162,Medical Emergency,70.0,High,Holding Pattern,16.8
VMC,Takeoff,Minor,4,0,0,4,49,Engine Failure,70.0,High,Runway Change,15.0
Rain,Takeoff,None,4,0,1,1,145,Near Collision,77.5,High,Go Around,19.3
VMC,Cruise,Substantial,2,0,1,1,162,Runway Incursion,65.5,High,Holding Pattern,15.6
VMC,Cruise,Substantial,2,0,0,0,203,Runway Incursion,60.0,High,Holding Pattern,17.7
VMC,Landing,Minor,2,0,2,2,216,Runway Incursion,65.0,High,Runway Change,17.1
VMC,Cruise,None,3,0,1,1,170,Bird Strike,39.0,Medium,Continue Monitoring,13.3
VMC,Taxi,Minor,2,1,1,0,22,Medical Emergency,50.0,Medium,Continue Monitoring,13.5
IMC,Climb,None,2,0,3,0,134,Near Collision,81.0,Critical,Priority Landing,23.3
VMC,Cruise,None,2,0,1,3,67,Near Collision,60.5,High,Go Around,20.5
VMC,Landing,Minor,2,0,0,1,24,Cabin Pressure Failure,73.5,High,Emergency Descent,19.4
Rain,Takeoff,Substantial,3,0,1,0,232,Engine Failure,100.0,Critical,Priority Landing,22.5
VMC,Climb,None,2,0,0,1,58,Near Collision,57.5,High,Go Around,13.8
Rain,Landing,Substantial,1,1,1,1,76,Cabin Pressure Failure,100.0,Critical,Priority Landing,19.9
VMC,Approach,Substantial,2,0,2,1,97,Engine Failure,91.5,Critical,Priority Landing,22.4
VMC,Landing,None,2,0,0,2,127,Cabin Pressure Failure,63.0,High,Emergency Descent,18.8
VMC,Approach,None,2,0,1,0,158,Near Collision,63.0,High,Go Around,15.9
IMC,Taxi,Minor,1,0,1,1,91,Landing Gear Issue,59.0,High,Runway Change,21.1
VMC,Taxi,Substantial,2,1,0,0,202,Runway Incursion,66.0,High,Runway Change,14.7
Fog,Taxi,None,4,1,0,1,56,Fuel Low,59.5,High,Runway Change,18.3
VMC,Takeoff,Minor,2,0,1,0,240,Near Collision,78.0,High,Go Around,18.0
IMC,Approach,Minor,2,0,2,1,216,Near Collision,93.5,Critical,Priority Landing,25.7
IMC,Takeoff,Minor,2,0,0,1,157,Bird Strike,71.5,High,Runway Change,17.8
VMC,Climb,Minor,2,0,0,1,31,Runway Incursion,47.5,Medium,Continue Monitoring,17.4
IMC,Climb,None,2,0,1,1,187,Bird Strike,57.5,High,Holding Pattern,24.0
VMC,Approach,None,2,0,2,2,182,Runway Incursion,48.0,Medium,Continue Monitoring,10.3
VMC,Cruise,None,2,0,0,0,162,Near Collision,52.0,Medium,Go Around,13.6
VMC,Taxi,Substantial,4,1,2,1,84,Landing Gear Issue,72.5,High,Runway Change,17.8
Fog,Climb,Substantial,4,0,0,1,118,Near Collision,100.0,Critical,Priority Landing,27.7
Windy,Approach,Substantial,2,0,0,0,115,Engine Failure,95.0,Critical,Priority Landing,16.4
VMC,Landing,None,1,0,0,0,160,Landing Gear Issue,43.5,Medium,Continue Monitoring,13.4
Rain,Taxi,Minor,1,0,1,3,96,Medical Emergency,60.0,High,Runway Change,15.1
Fog,Climb,None,2,0,1,1,112,Medical Emergency,54.5,Medium,Continue Monitoring,19.9
VMC,Landing,None,4,0,1,2,228,Runway Incursion,46.0,Medium,Continue Monitoring,16.5
Fog,Takeoff,None,3,0,1,0,124,Bird Strike,64.5,High,Runway Change,19.9
Rain,Approach,Substantial,2,0,1,0,156,Near Collision,100.0,Critical,Priority Landing,20.5
Windy,Cruise,None,4,0,0,2,229,Runway Incursion,43.0,Medium,Continue Monitoring,14.9
Storm,Taxi,Minor,1,0,0,3,237,Cabin Pressure Failure,88.0,Critical,Priority Landing,21.8
VMC,Landing,Destroyed,2,0,0,0,149,Near Collision,100.0,Critical,Priority Landing,20.5
VMC,Taxi,Minor,2,0,0,1,80,Near Collision,62.5,High,Go Around,16.0
IMC,Taxi,None,2,0,0,0,43,Cabin Pressure Failure,58.0,High,Emergency Descent,17.3
VMC,Cruise,Substantial,4,0,0,0,217,Engine Failure,72.0,High,Holding Pattern,19.1
VMC,Landing,Minor,4,0,0,1,140,Near Collision,74.5,High,Go Around,20.7
Storm,Takeoff,Minor,1,0,0,2,150,Runway Incursion,81.5,Critical,Priority Landing,24.4
VMC,Approach,Minor,2,1,1,5,239,Fuel Low,77.5,High,Runway Change,19.6
IMC,Takeoff,Substantial,2,0,0,0,105,Runway Incursion,83.0,Critical,Priority Landing,24.0
Fog,Landing,Minor,1,0,1,3,43,Bird Strike,86.0,Critical,Priority Landing,24.4
VMC,Taxi,Minor,2,0,1,1,174,Bird Strike,49.5,Medium,Continue Monitoring,15.8
IMC,Landing,Minor,2,0,1,1,243,Bird Strike,77.5,High,Runway Change,21.9
Storm,Taxi,None,2,1,0,2,59,Cabin Pressure Failure,82.0,Critical,Priority Landing,26.5
IMC,Climb,Substantial,2,1,2,1,247,Fuel Low,100.0,Critical,Priority Landing,27.1
VMC,Taxi,None,2,0,0,1,144,Near Collision,50.5,Medium,Go Around,12.6
VMC,Approach,None,4,1,2,0,148,Near Collision,73.0,High,Go Around,14.4
Windy,Landing,None,2,0,0,1,240,Medical Emergency,54.5,Medium,Continue Monitoring,13.1
VMC,Landing,None,2,0,0,2,96,Fuel Low,53.0,Medium,Continue Monitoring,14.6
IMC,Approach,None,2,1,0,1,191,Landing Gear Issue,60.5,High,Runway Change,21.8
VMC,Climb,Minor,2,0,1,3,21,Landing Gear Issue,54.5,Medium,Continue Monitoring,15.5
VMC,Approach,None,1,0,0,3,174,Fuel Low,51.0,Medium,Continue Monitoring,13.2
Windy,Approach,None,1,0,0,1,23,Bird Strike,58.0,High,Runway Change,13.7
IMC,Taxi,Substantial,2,0,2,1,20,Runway Incursion,79.5,High,Runway Change,20.8
Storm,Cruise,Destroyed,2,0,2,1,109,Near Collision,100.0,Critical,Priority Landing,26.6
VMC,Approach,Minor,2,0,0,0,105,Medical Emergency,47.0,Medium,Continue Monitoring,12.6
IMC,Approach,None,2,0,1,1,200,Cabin Pressure Failure,73.5,High,Emergency Descent,17.8
Windy,Takeoff,None,4,0,0,1,225,Near Collision,73.5,High,Go Around,17.5
VMC,Takeoff,None,1,0,1,0,236,Bird Strike,50.5,Medium,Continue Monitoring,13.1
VMC,Takeoff,None,2,1,1,0,163,Landing Gear Issue,53.0,Medium,Continue Monitoring,12.2
Windy,Approach,Substantial,2,0,0,0,55,Cabin Pressure Failure,98.0,Critical,Priority Landing,19.6
VMC,Cruise,Minor,2,0,2,1,174,Bird Strike,56.5,High,Holding Pattern,14.4
IMC,Taxi,None,2,0,0,2,132,Landing Gear Issue,43.0,Medium,Continue Monitoring,19.5
Storm,Landing,Destroyed,2,0,0,0,141,Landing Gear Issue,100.0,Critical,Priority Landing,23.3
VMC,Takeoff,None,2,0,0,1,135,Landing Gear Issue,41.5,Medium,Continue Monitoring,14.6
VMC,Takeoff,None,2,0,0,2,223,Near Collision,65.0,High,Go Around,16.9
VMC,Cruise,None,2,0,0,0,107,Fuel Low,38.0,Medium,Continue Monitoring,13.1
VMC,Taxi,None,2,0,0,3,241,Cabin Pressure Failure,49.5,Medium,Emergency Descent,10.6
VMC,Takeoff,Substantial,1,0,0,0,144,Cabin Pressure Failure,89.5,Critical,Priority Landing,22.2
Rain,Climb,None,2,0,0,2,178,Cabin Pressure Failure,68.0,High,Emergency Descent,22.7
VMC,Takeoff,Minor,2,1,0,1,232,Bird Strike,67.5,High,Runway Change,14.3
Rain,Cruise,None,2,0,0,1,207,Fuel Low,52.5,Medium,Continue Monitoring,15.9
VMC,Taxi,Substantial,1,0,0,1,120,Medical Emergency,58.0,High,Runway Change,16.5
VMC,Landing,Minor,2,0,3,1,66,Cabin Pressure Failure,85.5,Critical,Priority Landing,20.1
VMC,Cruise,Minor,2,0,1,2,51,Fuel Low,57.0,High,Holding Pattern,21.3
Rain,Takeoff,None,1,0,0,1,103,Near Collision,78.0,High,Go Around,16.9
IMC,Cruise,Substantial,2,0,1,1,173,Landing Gear Issue,78.5,High,Holding Pattern,26.2
VMC,Approach,Minor,2,1,2,0,203,Medical Emergency,64.0,High,Runway Change,13.0
Windy,Climb,None,2,0,0,1,27,Near Collision,70.5,High,Go Around,23.9
IMC,Landing,Substantial,2,0,1,0,126,Bird Strike,94.0,Critical,Priority Landing,23.5
VMC,Taxi,None,3,0,0,3,236,Bird Strike,35.0,Medium,Continue Monitoring,5.9
Windy,Climb,None,2,0,0,2,209,Engine Failure,65.0,High,Holding Pattern,18.4
VMC,Climb,Minor,4,0,1,0,236,Landing Gear Issue,47.0,Medium,Continue Monitoring,15.2
VMC,Takeoff,None,2,0,2,1,240,Fuel Low,57.5,High,Runway Change,18.2
IMC,Landing,Minor,1,1,0,0,41,Near Collision,99.5,Critical,Priority Landing,25.2
VMC,Cruise,None,2,0,1,0,176,Cabin Pressure Failure,52.0,Medium,Emergency Descent,16.3
VMC,Climb,None,2,0,0,2,146,Bird Strike,42.0,Medium,Continue Monitoring,15.7
Rain,Climb,None,2,0,0,1,129,Bird Strike,53.5,Medium,Continue Monitoring,19.8
VMC,Takeoff,None,2,0,1,0,203,Runway Incursion,44.0,Medium,Continue Monitoring,11.8
Fog,Cruise,Destroyed,2,0,0,0,234,Runway Incursion,92.0,Critical,Priority Landing,29.6
Windy,Landing,Minor,2,0,0,0,126,Cabin Pressure Failure,85.0,Critical,Priority Landing,20.3
Rain,Climb,Minor,4,0,0,1,169,Fuel Low,65.5,High,Holding Pattern,18.2
Rain,Takeoff,None,2,0,1,2,130,Medical Emergency,58.0,High,Runway Change,14.6
Rain,Cruise,Minor,2,0,2,3,166,Runway Incursion,67.5,High,Holding Pattern,19.2
Storm,Landing,None,2,0,1,1,243,Bird Strike,77.5,High,Runway Change,20.1
VMC,Cruise,None,2,0,1,0,206,Engine Failure,49.0,Medium,Continue Monitoring,18.2
VMC,Climb,Minor,2,0,1,1,73,Fuel Low,59.5,High,Holding Pattern,14.9
IMC,Takeoff,Minor,2,0,1,1,219,Bird Strike,75.5,High,Runway Change,23.9
IMC,Landing,Substantial,2,0,0,2,141,Bird Strike,93.0,Critical,Priority Landing,26.6
VMC,Taxi,Substantial,2,1,1,1,154,Medical Emergency,69.5,High,Runway Change,16.3
Rain,Landing,Substantial,2,0,0,0,46,Runway Incursion,85.0,Critical,Priority Landing,17.8
VMC,Approach,None,2,0,1,3,122,Near Collision,67.5,High,Go Around,15.7
Windy,Landing,None,2,2,2,1,89,Fuel Low,90.5,Critical,Priority Landing,21.2
VMC,Cruise,None,1,0,0,0,40,Medical Emergency,29.5,Low,Continue Monitoring,13.8
VMC,Takeoff,Substantial,1,0,2,3,215,Medical Emergency,82.0,Critical,Priority Landing,19.3
VMC,Cruise,Substantial,2,1,1,2,49,Medical Emergency,74.0,High,Holding Pattern,22.3
VMC,Landing,Substantial,4,0,0,0,184,Landing Gear Issue,69.0,High,Runway Change,15.3
VMC,Approach,None,2,0,1,1,191,Landing Gear Issue,42.5,Medium,Continue Monitoring,12.1
VMC,Taxi,Substantial,1,1,0,0,160,Landing Gear Issue,67.5,High,Runway Change,13.0
VMC,Taxi,Minor,3,0,0,1,213,Medical Emergency,37.0,Medium,Continue Monitoring,12.2
VMC,Climb,Substantial,2,0,1,3,46,Runway Incursion,72.5,High,Holding Pattern,20.4
VMC,Takeoff,Minor,4,0,0,0,23,Near Collision,71.0,High,Go Around,15.9
VMC,Climb,None,2,0,0,1,215,Runway Incursion,35.5,Medium,Continue Monitoring,15.7
VMC,Taxi,None,2,0,0,2,62,Bird Strike,35.0,Medium,Continue Monitoring,11.7
VMC,Landing,Destroyed,2,0,1,0,88,Landing Gear Issue,91.0,Critical,Priority Landing,14.7
VMC,Takeoff,None,2,0,0,0,178,Landing Gear Issue,40.0,Medium,Continue Monitoring,11.3
VMC,Takeoff,None,2,0,1,1,143,Runway Incursion,45.5,Medium,Continue Monitoring,9.3
VMC,Approach,None,1,0,0,1,66,Cabin Pressure Failure,58.0,High,Emergency Descent,16.6
Fog,Approach,None,4,0,1,0,73,Medical Emergency,53.0,Medium,Continue Monitoring,22.5
Storm,Taxi,Substantial,2,0,0,2,212,Bird Strike,90.0,Critical,Priority Landing,23.2
Windy,Landing,None,4,0,1,0,139,Engine Failure,71.0,High,Runway Change,16.9
IMC,Climb,None,4,0,1,0,232,Landing Gear Issue,48.0,Medium,Continue Monitoring,19.1
IMC,Takeoff,Substantial,2,0,1,2,149,Bird Strike,95.0,Critical,Priority Landing,25.8
VMC,Approach,Minor,2,0,2,2,172,Fuel Low,68.0,High,Runway Change,17.5
Fog,Approach,None,3,0,1,0,98,Medical Emergency,54.5,Medium,Continue Monitoring,20.4
Fog,Taxi,None,2,0,0,1,26,Near Collision,67.5,High,Go Around,18.2
Fog,Approach,None,1,0,0,0,136,Fuel Low,63.5,High,Runway Change,22.6
Windy,Approach,None,2,0,0,4,187,Bird Strike,61.0,High,Runway Change,13.1
VMC,Climb,None,2,1,1,2,113,Fuel Low,58.0,High,Holding Pattern,18.0
Fog,Takeoff,None,4,0,0,4,217,Fuel Low,68.0,High,Runway Change,22.6
Fog,Taxi,Minor,2,0,0,2,180,Engine Failure,74.0,High,Runway Change,22.7
VMC,Landing,Substantial,2,0,1,2,136,Medical Emergency,77.0,High,Runway Change,16.0
Windy,Takeoff,Substantial,4,0,0,1,145,Cabin Pressure Failure,99.5,Critical,Priority Landing,20.5
VMC,Landing,None,2,0,0,0,72,Medical Emergency,40.0,Medium,Continue Monitoring,10.3
Storm,Cruise,None,2,0,0,0,221,Fuel Low,63.0,High,Holding Pattern,22.2
Fog,Cruise,Destroyed,1,1,1,1,33,Landing Gear Issue,100.0,Critical,Priority Landing,31.3
VMC,Taxi,Substantial,1,0,0,2,31,Fuel Low,69.5,High,Runway Change,13.9
Rain,Taxi,Minor,2,0,0,2,200,Runway Incursion,55.0,High,Runway Change,14.8
VMC,Climb,None,2,0,0,1,26,Cabin Pressure Failure,53.5,Medium,Emergency Descent,17.8
Fog,Climb,None,2,0,0,1,137,Near Collision,74.5,High,Go Around,25.5
Fog,Landing,Minor,2,1,0,3,63,Fuel Low,92.5,Critical,Priority Landing,25.6
Rain,Taxi,Minor,2,0,2,1,176,Landing Gear Issue,61.5,High,Runway Change,18.1
Windy,Takeoff,None,1,0,0,1,47,Medical Emergency,54.0,Medium,Continue Monitoring,14.7
VMC,Taxi,Destroyed,2,0,1,1,80,Cabin Pressure Failure,95.5,Critical,Priority Landing,22.9
VMC,Cruise,Minor,1,0,0,2,140,Bird Strike,51.5,Medium,Continue Monitoring,17.4
VMC,Approach,Minor,3,0,0,0,106,Medical Emergency,45.5,Medium,Continue Monitoring,15.8
VMC,Takeoff,None,4,0,0,2,66,Near Collision,62.0,High,Go Around,11.4
VMC,Landing,Substantial,2,0,1,0,34,Landing Gear Issue,76.0,High,Runway Change,20.2
VMC,Landing,Minor,2,0,3,3,23,Runway Incursion,70.5,High,Runway Change,16.2
VMC,Approach,None,2,0,1,1,64,Bird Strike,47.5,Medium,Continue Monitoring,12.0
VMC,Landing,Minor,2,0,1,1,85,Engine Failure,74.5,High,Runway Change,15.5
Windy,Taxi,Minor,4,0,1,1,47,Landing Gear Issue,54.5,Medium,Continue Monitoring,10.1
VMC,Taxi,Substantial,4,0,0,1,137,Runway Incursion,55.5,High,Runway Change,13.2
Windy,Landing,None,2,0,0,0,223,Bird Strike,60.0,High,Runway Change,13.4
VMC,Taxi,Substantial,2,0,0,1,184,Runway Incursion,58.5,High,Runway Change,15.5
VMC,Landing,Minor,3,0,0,0,90,Runway Incursion,52.5,Medium,Continue Monitoring,10.5
IMC,Landing,None,1,0,0,2,120,Landing Gear Issue,59.5,High,Runway Change,21.6
VMC,Approach,None,2,1,0,1,196,Bird Strike,52.5,Medium,Continue Monitoring,14.0
VMC,Landing,None,2,1,0,1,241,Runway Incursion,52.5,Medium,Continue Monitoring,13.0
IMC,Takeoff,None,2,0,0,1,146,Fuel Low,62.5,High,Runway Change,17.8
VMC,Approach,Minor,2,0,0,3,65,Cabin Pressure Failure,71.5,High,Emergency Descent,15.3
VMC,Cruise,Minor,2,0,0,1,219,Fuel Low,51.5,Medium,Continue Monitoring,14.0
IMC,Taxi,None,2,1,0,1,138,Engine Failure,65.5,High,Runway Change,18.7
VMC,Takeoff,Destroyed,2,0,0,0,26,Near Collision,100.0,Critical,Priority Landing,22.0
Fog,Approach,None,4,0,0,1,78,Engine Failure,67.5,High,Runway Change,19.8
VMC,Climb,Minor,4,0,1,0,142,Medical Emergency,45.0,Medium,Continue Monitoring,12.3
Storm,Taxi,Substantial,2,0,0,2,205,Bird Strike,90.0,Critical,Priority Landing,23.7
Fog,Taxi,Substantial,2,1,0,1,215,Landing Gear Issue,84.5,Critical,Priority Landing,21.4
Storm,Climb,Minor,2,0,1,2,63,Medical Emergency,76.0,High,Holding Pattern,25.0
Fog,Taxi,Minor,2,1,0,2,186,Bird Strike,73.0,High,Runway Change,24.9
VMC,Cruise,None,2,0,0,3,241,Landing Gear Issue,34.5,Medium,Continue Monitoring,14.5
IMC,Taxi,None,2,1,0,1,203,Near Collision,72.5,High,Go Around,20.4
VMC,Landing,None,1,0,0,1,184,Bird Strike,50.0,Medium,Continue Monitoring,9.8
Fog,Takeoff,None,2,1,2,1,203,Fuel Low,83.5,Critical,Priority Landing,20.2
IMC,Climb,None,2,1,0,3,148,Cabin Pressure Failure,78.5,High,Emergency Descent,21.8
VMC,Cruise,None,2,0,0,1,159,Runway Incursion,31.5,Medium,Continue Monitoring,14.1
Windy,Climb,Substantial,4,0,2,1,142,Landing Gear Issue,83.5,Critical,Priority Landing,20.5
VMC,Takeoff,Substantial,2,0,0,2,239,Runway Incursion,73.0,High,Runway Change,17.3
IMC,Taxi,Substantial,4,0,0,0,103,Engine Failure,82.0,Critical,Priority Landing,21.5
Rain,Taxi,Minor,2,0,1,1,198,Medical Emergency,55.5,High,Runway Change,14.2
VMC,Cruise,None,2,0,0,1,24,Engine Failure,46.5,Medium,Continue Monitoring,18.2
IMC,Climb,None,4,0,0,1,116,Fuel Low,53.5,Medium,Continue Monitoring,19.3
Fog,Climb,Minor,4,0,0,0,230,Fuel Low,68.0,High,Holding Pattern,22.6
VMC,Taxi,Minor,4,0,1,0,75,Fuel Low,48.0,Medium,Continue Monitoring,11.0
IMC,Climb,None,3,0,0,3,202,Bird Strike,55.0,High,Holding Pattern,22.6
VMC,Takeoff,Minor,2,0,1,0,135,Medical Emergency,54.0,Medium,Continue Monitoring,11.7
Rain,Cruise,Minor,2,0,1,0,51,Medical Emergency,57.0,High,Holding Pattern,15.0
VMC,Cruise,None,2,0,0,1,44,Landing Gear Issue,31.5,Medium,Continue Monitoring,9.9
Windy,Approach,None,4,0,0,0,48,Medical Emergency,45.0,Medium,Continue Monitoring,9.3
Windy,Cruise,None,2,0,0,1,127,Engine Failure,59.5,High,Holding Pattern,18.7
VMC,Taxi,Minor,2,0,2,2,90,Cabin Pressure Failure,68.0,High,Emergency Descent,21.4
VMC,Approach,Destroyed,4,0,1,1,225,Fuel Low,92.5,Critical,Priority Landing,18.7
IMC,Taxi,Minor,4,0,1,1,195,Bird Strike,59.5,High,Runway Change,20.6
Rain,Cruise,Minor,4,1,0,1,52,Near Collision,84.5,Critical,Priority Landing,22.7
VMC,Approach,Substantial,2,0,1,2,135,Near Collision,96.0,Critical,Priority Landing,19.1
VMC,Cruise,None,2,0,1,0,196,Fuel Low,42.0,Medium,Continue Monitoring,14.0
VMC,Landing,Minor,4,0,0,0,170,Bird Strike,56.0,High,Runway Change,13.6
Storm,Landing,Minor,2,0,1,0,22,Medical Emergency,81.0,Critical,Priority Landing,21.2
IMC,Climb,Minor,2,0,0,2,21,Medical Emergency,60.0,High,Holding Pattern,25.7
Windy,Taxi,None,4,0,0,0,154,Landing Gear Issue,37.0,Medium,Continue Monitoring,6.8
IMC,Taxi,Substantial,2,0,0,2,232,Engine Failure,88.0,Critical,Priority Landing,24.6
Windy,Taxi,Destroyed,2,0,0,2,31,Bird Strike,93.0,Critical,Priority Landing,21.4
VMC,Climb,None,1,0,1,5,58,Runway Incursion,47.0,Medium,Continue Monitoring,14.3
VMC,Landing,None,2,0,0,2,63,Landing Gear Issue,45.0,Medium,Continue Monitoring,12.4
Windy,Takeoff,None,4,0,0,3,93,Near Collision,76.5,High,Go Around,19.5
Windy,Takeoff,Substantial,2,0,0,3,224,Fuel Low,95.5,Critical,Priority Landing,21.5
VMC,Taxi,Minor,2,0,0,0,237,Bird Strike,44.0,Medium,Continue Monitoring,12.8
VMC,Takeoff,None,2,0,0,0,90,Runway Incursion,40.0,Medium,Continue Monitoring,12.6
IMC,Taxi,Substantial,4,0,0,0,188,Cabin Pressure Failure,85.0,Critical,Priority Landing,19.2
VMC,Cruise,None,4,1,1,0,22,Medical Emergency,38.0,Medium,Continue Monitoring,16.8
VMC,Climb,Minor,2,0,1,1,137,Medical Emergency,49.5,Medium,Continue Monitoring,20.5
Windy,Takeoff,None,2,0,0,2,164,Bird Strike,61.0,High,Runway Change,16.9
VMC,Landing,Minor,2,0,0,1,218,Runway Incursion,55.5,High,Runway Change,16.0
Rain,Landing,Minor,2,1,0,2,209,Engine Failure,94.0,Critical,Priority Landing,18.1
VMC,Cruise,None,2,0,0,1,34,Landing Gear Issue,31.5,Medium,Continue Monitoring,12.4
VMC,Landing,None,2,0,1,1,115,Bird Strike,52.5,Medium,Continue Monitoring,11.8
Rain,Climb,Substantial,2,0,0,1,37,Engine Failure,93.5,Critical,Priority Landing,22.7
VMC,Approach,Minor,2,0,0,1,22,Engine Failure,65.5,High,Runway Change,17.7
Rain,Climb,Substantial,2,0,0,0,55,Medical Emergency,75.0,High,Holding Pattern,18.9
VMC,Approach,Minor,2,0,1,1,234,Engine Failure,69.5,High,Runway Change,16.2
Windy,Takeoff,Substantial,1,0,1,3,80,Fuel Low,100.0,Critical,Priority Landing,18.2
Rain,Cruise,None,2,0,0,1,190,Runway Incursion,44.5,Medium,Continue Monitoring,14.7
Windy,Approach,Substantial,2,0,0,3,183,Near Collision,100.0,Critical,Priority Landing,22.2
VMC,Approach,None,1,0,1,2,219,Fuel Low,53.5,Medium,Continue Monitoring,12.2
VMC,Cruise,None,4,1,1,4,142,Engine Failure,61.0,High,Holding Pattern,16.5
VMC,Approach,None,2,1,0,4,244,Bird Strike,57.0,High,Runway Change,18.0
IMC,Approach,None,4,0,0,3,117,Cabin Pressure Failure,69.5,High,Emergency Descent,18.1
VMC,Climb,Substantial,2,1,0,2,201,Medical Emergency,74.0,High,Holding Pattern,18.2
VMC,Climb,Destroyed,2,1,0,1,199,Runway Incursion,89.5,Critical,Priority Landing,21.5
VMC,Approach,Substantial,2,0,0,3,145,Medical Emergency,69.5,High,Runway Change,18.9
VMC,Taxi,None,2,0,1,2,92,Medical Emergency,32.0,Medium,Continue Monitoring,14.0
VMC,Landing,Substantial,3,0,0,0,56,Near Collision,92.5,Critical,Priority Landing,21.3
VMC,Approach,Minor,3,0,0,4,39,Runway Incursion,53.5,Medium,Continue Monitoring,12.2
VMC,Taxi,None,2,0,0,0,134,Runway Incursion,27.0,Low,Continue Monitoring,8.0
Rain,Taxi,Minor,2,0,0,1,111,Bird Strike,58.5,High,Runway Change,16.7
VMC,Approach,Minor,2,0,0,0,68,Medical Emergency,47.0,Medium,Continue Monitoring,10.6
VMC,Takeoff,None,4,0,0,2,196,Landing Gear Issue,40.0,Medium,Continue Monitoring,14.1
IMC,Approach,Minor,3,0,0,1,57,Runway Incursion,62.0,High,Runway Change,22.0
Fog,Approach,Minor,1,0,1,1,129,Runway Incursion,73.0,High,Runway Change,21.3
VMC,Climb,None,4,0,1,1,118,Engine Failure,51.5,Medium,Continue Monitoring,17.6
IMC,Taxi,None,4,0,1,2,244,Medical Emergency,42.0,Medium,Continue Monitoring,17.1
Storm,Taxi,Minor,2,0,1,2,43,Runway Incursion,71.0,High,Runway Change,23.9
IMC,Climb,Minor,1,0,0,0,216,Bird Strike,65.5,High,Holding Pattern,20.7
Windy,Cruise,Destroyed,3,0,0,2,177,Near Collision,100.0,Critical,Priority Landing,27.4
Fog,Climb,Substantial,2,0,0,0,201,Cabin Pressure Failure,99.0,Critical,Priority Landing,28.1
VMC,Climb,Minor,2,0,1,2,198,Near Collision,75.0,High,Go Around,19.0
VMC,Climb,Minor,4,0,0,1,197,Near Collision,66.5,High,Go Around,19.2
Rain,Cruise,Minor,2,0,0,3,120,Engine Failure,74.5,High,Holding Pattern,20.0
Storm,Climb,Minor,4,0,0,2,153,Bird Strike,76.0,High,Holding Pattern,22.7
IMC,Takeoff,None,2,0,1,0,103,Fuel Low,65.0,High,Runway Change,16.5
VMC,Cruise,Minor,2,0,0,1,227,Landing Gear Issue,43.5,Medium,Continue Monitoring,12.9
IMC,Approach,Minor,4,0,1,2,71,Landing Gear Issue,66.0,High,Runway Change,22.8
VMC,Climb,Minor,2,0,0,2,155,Runway Incursion,49.0,Medium,Continue Monitoring,19.7
Fog,Approach,Substantial,2,0,0,0,68,Bird Strike,89.0,Critical,Priority Landing,25.3
IMC,Climb,Minor,2,0,0,4,105,Landing Gear Issue,65.0,High,Holding Pattern,25.1
Rain,Landing,None,1,0,0,0,241,Near Collision,78.5,High,Go Around,17.1
Windy,Approach,None,2,0,0,1,65,Fuel Low,59.5,High,Runway Change,14.6
Rain,Taxi,None,2,0,3,1,223,Near Collision,75.5,High,Go Around,18.2
Rain,Takeoff,None,4,0,0,1,207,Medical Emergency,49.5,Medium,Continue Monitoring,10.7
Fog,Taxi,Minor,4,0,1,2,104,Medical Emergency,58.0,High,Runway Change,16.5
Fog,Cruise,None,2,0,0,3,105,Bird Strike,56.5,High,Holding Pattern,21.4
Windy,Takeoff,None,2,0,0,1,21,Near Collision,76.5,High,Go Around,17.1
VMC,Landing,None,2,0,0,0,201,Fuel Low,50.0,Medium,Continue Monitoring,10.9
IMC,Climb,Substantial,1,0,1,0,173,Landing Gear Issue,82.5,Critical,Priority Landing,26.6
VMC,Climb,Substantial,3,0,0,2,246,Bird Strike,70.5,High,Holding Pattern,19.2
Windy,Taxi,None,2,0,1,0,87,Fuel Low,52.0,Medium,Continue Monitoring,15.4
Rain,Climb,None,4,1,0,0,111,Bird Strike,58.0,High,Holding Pattern,17.4
VMC,Approach,None,2,0,0,1,177,Bird Strike,43.5,Medium,Continue Monitoring,11.2
VMC,Climb,None,2,0,1,6,98,Near Collision,69.0,High,Go Around,19.7
VMC,Takeoff,None,4,0,0,2,93,Landing Gear Issue,40.0,Medium,Continue Monitoring,10.9
Rain,Takeoff,None,2,0,1,0,59,Bird Strike,62.0,High,Runway Change,13.8
VMC,Takeoff,None,4,0,0,3,247,Bird Strike,46.5,Medium,Continue Monitoring,11.6
VMC,Cruise,Destroyed,4,1,0,3,129,Bird Strike,90.5,Critical,Priority Landing,24.8
Windy,Cruise,Minor,2,0,0,1,197,Runway Incursion,56.5,High,Holding Pattern,18.5
Fog,Takeoff,Substantial,2,0,1,1,170,Cabin Pressure Failure,100.0,Critical,Priority Landing,28.6
VMC,Cruise,None,2,0,0,1,157,Fuel Low,39.5,Medium,Continue Monitoring,10.7
VMC,Climb,None,3,0,0,3,91,Near Collision,59.0,High,Go Around,16.8
Storm,Approach,Substantial,4,0,0,2,92,Engine Failure,100.0,Critical,Priority Landing,25.2
Rain,Taxi,None,2,0,1,0,131,Runway Incursion,44.0,Medium,Continue Monitoring,12.3
Rain,Landing,Minor,2,0,0,0,51,Engine Failure,82.0,Critical,Priority Landing,17.9
VMC,Taxi,Destroyed,2,0,1,2,143,Cabin Pressure Failure,97.0,Critical,Priority Landing,20.4
VMC,Climb,Minor,2,0,1,1,40,Engine Failure,66.5,High,Holding Pattern,20.5
VMC,Climb,None,3,0,1,1,83,Bird Strike,43.0,Medium,Continue Monitoring,15.1
Rain,Landing,Minor,4,0,1,1,165,Cabin Pressure Failure,87.5,Critical,Priority Landing,17.4
VMC,Climb,None,2,0,0,3,25,Cabin Pressure Failure,56.5,High,Emergency Descent,19.8
VMC,Taxi,None,2,0,1,3,30,Medical Emergency,33.5,Medium,Continue Monitoring,12.0
Rain,Cruise,None,2,0,1,1,69,Near Collision,70.5,High,Go Around,18.5
Windy,Climb,Substantial,1,0,0,1,193,Runway Incursion,80.0,Critical,Priority Landing,23.1
Fog,Taxi,Minor,2,1,1,1,204,Fuel Low,78.5,High,Runway Change,20.7
IMC,Approach,None,4,0,1,1,20,Landing Gear Issue,52.5,Medium,Continue Monitoring,19.7
IMC,Landing,None,2,0,0,2,83,Bird Strike,63.0,High,Runway Change,18.9
VMC,Cruise,Minor,2,0,1,1,33,Landing Gear Issue,47.5,Medium,Continue Monitoring,13.9
VMC,Takeoff,Substantial,2,1,0,4,23,Landing Gear Issue,85.0,Critical,Priority Landing,18.6
IMC,Landing,None,2,0,0,0,236,Medical Emergency,53.0,Medium,Continue Monitoring,16.0
VMC,Takeoff,None,2,0,0,0,117,Engine Failure,55.0,High,Runway Change,14.3
IMC,Approach,Substantial,4,0,0,1,202,Medical Emergency,76.5,High,Runway Change,22.1
Windy,Cruise,Substantial,1,0,0,0,176,Fuel Low,82.5,Critical,Priority Landing,21.9
Storm,Landing,Substantial,2,1,0,2,123,Cabin Pressure Failure,100.0,Critical,Priority Landing,24.9
VMC,Taxi,None,2,0,0,1,193,Bird Strike,33.5,Medium,Continue Monitoring,3.0
VMC,Cruise,None,2,0,0,0,77,Engine Failure,45.0,Medium,Continue Monitoring,15.3
VMC,Taxi,None,2,1,0,1,115,Landing Gear Issue,37.5,Medium,Continue Monitoring,7.0
VMC,Takeoff,None,2,0,0,2,107,Runway Incursion,43.0,Medium,Continue Monitoring,12.2
VMC,Takeoff,Substantial,2,0,1,3,151,Cabin Pressure Failure,96.5,Critical,Priority Landing,23.6
VMC,Taxi,None,4,0,0,0,68,Runway Incursion,24.0,Low,Continue Monitoring,8.9
Fog,Approach,Minor,2,1,0,0,191,Landing Gear Issue,75.0,High,Runway Change,20.7
IMC,Cruise,Substantial,2,0,0,0,213,Landing Gear Issue,73.0,High,Holding Pattern,23.8
Windy,Takeoff,Destroyed,2,0,0,2,224,Runway Incursion,100.0,Critical,Priority Landing,21.7
VMC,Climb,Minor,4,1,0,0,225,Engine Failure,67.0,High,Holding Pattern,18.0
VMC,Landing,Substantial,1,1,2,2,167,Runway Incursion,93.5,Critical,Priority Landing,19.7
VMC,Landing,None,4,1,0,3,203,Landing Gear Issue,52.5,Medium,Continue Monitoring,11.6
VMC,Taxi,None,2,0,1,1,178,Bird Strike,37.5,Medium,Continue Monitoring,13.1
VMC,Cruise,None,4,1,0,5,239,Engine Failure,58.5,High,Holding Pattern,17.5
Storm,Cruise,Destroyed,2,0,1,0,42,Fuel Low,100.0,Critical,Priority Landing,30.9
VMC,Takeoff,Substantial,1,0,1,1,65,Runway Incursion,77.0,High,Runway Change,17.4
VMC,Takeoff,None,2,0,0,2,116,Runway Incursion,43.0,Medium,Continue Monitoring,11.9
IMC,Cruise,None,2,0,0,0,162,Cabin Pressure Failure,61.0,High,Emergency Descent,21.6
IMC,Approach,None,2,1,0,1,224,Landing Gear Issue,60.5,High,Runway Change,19.8
IMC,Takeoff,None,2,0,0,0,41,Bird Strike,58.0,High,Runway Change,20.1
VMC,Cruise,Substantial,2,0,0,1,56,Landing Gear Issue,61.5,High,Holding Pattern,18.5
Fog,Approach,None,2,1,1,3,217,Runway Incursion,71.5,High,Runway Change,19.5
VMC,Landing,Substantial,2,0,1,3,91,Landing Gear Issue,80.5,Critical,Priority Landing,16.9
VMC,Taxi,Minor,2,0,1,0,23,Fuel Low,51.0,Medium,Continue Monitoring,16.5
Rain,Cruise,None,4,0,0,0,175,Near Collision,62.0,High,Go Around,17.6
Windy,Cruise,None,2,0,0,0,221,Fuel Low,51.0,Medium,Continue Monitoring,15.6
VMC,Taxi,Destroyed,2,0,1,0,227,Medical Emergency,74.0,High,Runway Change,20.3
IMC,Landing,Minor,4,0,0,0,216,Landing Gear Issue,64.0,High,Runway Change,21.7
VMC,Climb,None,2,1,1,1,33,Cabin Pressure Failure,66.5,High,Emergency Descent,20.0
VMC,Landing,None,2,0,0,0,51,Runway Incursion,42.0,Medium,Continue Monitoring,10.8
VMC,Takeoff,Substantial,2,0,0,2,220,Medical Emergency,71.0,High,Runway Change,21.5
Rain,Cruise,Substantial,2,0,3,0,179,Engine Failure,100.0,Critical,Priority Landing,25.8
VMC,Climb,Substantial,2,0,0,3,70,Bird Strike,73.5,High,Holding Pattern,21.3
Rain,Taxi,Minor,1,0,1,2,109,Near Collision,82.5,Critical,Priority Landing,18.5
VMC,Takeoff,Substantial,3,0,0,2,217,Fuel Low,79.5,High,Runway Change,15.5
Windy,Taxi,None,1,1,1,0,233,Fuel Low,62.5,High,Runway Change,12.6
Fog,Climb,Minor,2,1,0,2,224,Engine Failure,90.0,Critical,Priority Landing,28.0
VMC,Takeoff,None,2,0,1,1,125,Runway Incursion,45.5,Medium,Continue Monitoring,13.0
VMC,Approach,Minor,2,1,1,1,198,Engine Failure,78.5,High,Runway Change,17.7
VMC,Landing,Destroyed,4,0,0,6,30,Cabin Pressure Failure,100.0,Critical,Priority Landing,19.7
Windy,Takeoff,Destroyed,1,0,1,0,232,Fuel Low,100.0,Critical,Priority Landing,19.1
VMC,Takeoff,Minor,2,0,1,1,71,Landing Gear Issue,57.5,High,Runway Change,13.7
IMC,Takeoff,Minor,2,0,0,1,241,Near Collision,88.5,Critical,Priority Landing,21.0
VMC,Cruise,Substantial,4,0,0,0,23,Engine Failure,72.0,High,Holding Pattern,21.8
Fog,Takeoff,Destroyed,2,0,0,1,232,Cabin Pressure Failure,100.0,Critical,Priority Landing,28.3
IMC,Landing,Substantial,2,0,2,1,141,Bird Strike,99.5,Critical,Priority Landing,31.6
IMC,Takeoff,None,2,0,1,3,138,Cabin Pressure Failure,79.5,High,Emergency Descent,24.1
Storm,Landing,None,2,1,1,1,175,Bird Strike,86.5,Critical,Priority Landing,22.4
VMC,Taxi,Substantial,2,0,1,1,126,Near Collision,84.5,Critical,Priority Landing,17.5
Fog,Landing,Substantial,2,0,0,2,238,Medical Emergency,90.0,Critical,Priority Landing,17.3
VMC,Taxi,Minor,2,1,1,2,44,Medical Emergency,53.0,Medium,Continue Monitoring,12.4
IMC,Taxi,Minor,1,1,1,1,170,Landing Gear Issue,68.0,High,Runway Change,19.9
Windy,Takeoff,None,2,0,0,1,69,Medical Emergency,52.5,Medium,Continue Monitoring,15.4
Rain,Cruise,None,2,0,1,1,28,Bird Strike,53.5,Medium,Continue Monitoring,17.9
Rain,Landing,Substantial,2,0,1,0,170,Cabin Pressure Failure,100.0,Critical,Priority Landing,23.2
VMC,Cruise,None,2,0,0,4,175,Runway Incursion,36.0,Medium,Continue Monitoring,13.9
VMC,Landing,Minor,2,0,0,1,49,Engine Failure,70.5,High,Runway Change,18.0
VMC,Landing,Minor,2,0,3,1,187,Fuel Low,75.5,High,Runway Change,20.5
IMC,Taxi,Substantial,2,0,1,0,236,Cabin Pressure Failure,92.0,Critical,Priority Landing,22.4
IMC,Climb,None,4,1,1,1,179,Bird Strike,63.5,High,Holding Pattern,21.5
VMC,Cruise,Minor,2,0,0,3,72,Runway Incursion,46.5,Medium,Continue Monitoring,12.6
VMC,Takeoff,None,2,0,0,2,39,Engine Failure,58.0,High,Runway Change,17.7
VMC,Climb,None,1,1,1,3,40,Fuel Low,61.0,High,Holding Pattern,20.6
VMC,Climb,None,4,1,0,0,162,Cabin Pressure Failure,58.0,High,Emergency Descent,18.9
VMC,Cruise,None,2,0,2,1,74,Runway Incursion,39.5,Medium,Continue Monitoring,11.7
Windy,Cruise,Substantial,2,1,0,3,105,Fuel Low,94.5,Critical,Priority Landing,24.4
Rain,Taxi,Substantial,2,0,1,1,31,Fuel Low,83.5,Critical,Priority Landing,18.6
VMC,Landing,None,1,0,0,1,121,Landing Gear Issue,45.0,Medium,Continue Monitoring,12.3
Rain,Landing,Substantial,2,1,0,1,58,Cabin Pressure Failure,100.0,Critical,Priority Landing,21.6
Fog,Takeoff,Minor,2,0,0,1,118,Bird Strike,75.5,High,Runway Change,22.6
VMC,Cruise,Minor,2,1,0,1,155,Runway Incursion,52.5,Medium,Continue Monitoring,15.7
VMC,Landing,Substantial,2,0,0,0,241,Engine Failure,87.0,Critical,Priority Landing,21.4
VMC,Climb,Minor,4,0,0,3,86,Near Collision,69.5,High,Go Around,20.0
VMC,Cruise,None,2,0,1,2,93,Landing Gear Issue,37.0,Medium,Continue Monitoring,13.1
Fog,Landing,None,4,0,0,2,204,Cabin Pressure Failure,77.0,High,Emergency Descent,21.6
Storm,Landing,Minor,4,0,0,2,239,Landing Gear Issue,79.0,High,Runway Change,21.3
VMC,Taxi,Substantial,4,0,1,2,113,Cabin Pressure Failure,79.0,High,Emergency Descent,19.8
Rain,Cruise,Minor,2,0,0,0,99,Cabin Pressure Failure,73.0,High,Emergency Descent,19.6
VMC,Cruise,None,2,0,1,3,184,Engine Failure,53.5,Medium,Continue Monitoring,17.2
IMC,Cruise,None,2,1,1,0,192,Bird Strike,61.0,High,Holding Pattern,21.2
Fog,Landing,Substantial,2,0,0,1,182,Near Collision,100.0,Critical,Priority Landing,23.0
VMC,Cruise,None,2,0,0,2,167,Near Collision,55.0,High,Go Around,18.7
VMC,Cruise,Minor,1,0,0,4,51,Cabin Pressure Failure,67.5,High,Emergency Descent,17.0
IMC,Climb,Minor,1,0,0,2,80,Bird Strike,68.5,High,Holding Pattern,24.7
Storm,Cruise,None,2,0,1,0,33,Engine Failure,74.0,High,Holding Pattern,25.2
VMC,Climb,None,1,0,0,2,109,Engine Failure,53.5,Medium,Continue Monitoring,13.3
VMC,Approach,None,1,0,1,0,213,Engine Failure,57.5,High,Runway Change,12.5
VMC,Taxi,None,1,0,0,0,71,Bird Strike,33.5,Medium,Continue Monitoring,9.0
IMC,Landing,Minor,2,0,1,1,181,Landing Gear Issue,72.5,High,Runway Change,19.4
IMC,Cruise,Substantial,1,0,0,1,116,Runway Incursion,76.0,High,Holding Pattern,22.3
Fog,Taxi,None,1,0,0,0,60,Bird Strike,50.5,Medium,Continue Monitoring,18.6
Fog,Taxi,Minor,2,0,0,0,71,Fuel Low,64.0,High,Runway Change,19.0
Windy,Cruise,None,2,0,1,1,176,Landing Gear Issue,48.5,Medium,Continue Monitoring,16.5
Fog,Landing,None,2,0,1,1,201,Medical Emergency,62.5,High,Runway Change,18.4
VMC,Cruise,Substantial,1,0,1,2,95,Fuel Low,76.5,High,Holding Pattern,21.4
IMC,Taxi,Substantial,4,0,1,1,231,Fuel Low,80.5,Critical,Priority Landing,21.0
VMC,Cruise,Substantial,4,0,2,1,33,Medical Emergency,64.5,High,Holding Pattern,18.6
VMC,Climb,None,2,0,0,2,152,Cabin Pressure Failure,55.0,High,Emergency Descent,18.1
Windy,Takeoff,Minor,2,0,0,0,72,Cabin Pressure Failure,83.0,Critical,Priority Landing,19.0
Rain,Taxi,None,2,0,0,1,225,Cabin Pressure Failure,59.5,High,Emergency Descent,13.8
Storm,Climb,Destroyed,2,0,0,0,193,Near Collision,100.0,Critical,Priority Landing,26.8
VMC,Landing,Minor,2,0,0,0,33,Fuel Low,62.0,High,Runway Change,15.5
IMC,Takeoff,Substantial,4,1,2,2,109,Medical Emergency,98.0,Critical,Priority Landing,26.3
IMC,Approach,None,3,0,0,0,191,Runway Incursion,48.5,Medium,Continue Monitoring,16.2
VMC,Cruise,Minor,2,0,0,1,145,Fuel Low,51.5,Medium,Continue Monitoring,14.7
VMC,Cruise,Substantial,1,0,2,0,132,Landing Gear Issue,69.5,High,Holding Pattern,20.6
IMC,Climb,None,4,0,0,1,51,Medical Emergency,43.5,Medium,Continue Monitoring,23.8
VMC,Takeoff,Minor,2,0,0,1,151,Medical Emergency,51.5,Medium,Continue Monitoring,12.7
Windy,Cruise,Minor,2,0,0,2,41,Near Collision,80.0,Critical,Priority Landing,22.1
VMC,Cruise,Destroyed,1,0,2,0,93,Medical Emergency,82.5,Critical,Priority Landing,22.6
VMC,Landing,None,2,0,0,1,75,Medical Emergency,41.5,Medium,Continue Monitoring,6.3
Fog,Cruise,Substantial,3,0,0,1,171,Fuel Low,85.0,Critical,Priority Landing,26.5
VMC,Climb,None,4,0,1,0,128,Cabin Pressure Failure,53.0,Medium,Emergency Descent,15.1
Windy,Climb,Minor,2,0,0,1,117,Engine Failure,75.5,High,Holding Pattern,23.4
Rain,Approach,Minor,2,0,0,1,214,Medical Emergency,61.5,High,Runway Change,14.6
VMC,Cruise,None,2,1,2,2,109,Runway Incursion,50.0,Medium,Continue Monitoring,14.4
Rain,Taxi,Destroyed,2,0,0,2,195,Fuel Low,96.0,Critical,Priority Landing,20.8
Rain,Cruise,Substantial,4,2,3,2,224,Cabin Pressure Failure,100.0,Critical,Priority Landing,25.3
Fog,Approach,Destroyed,2,0,0,0,56,Fuel Low,100.0,Critical,Priority Landing,24.9
Fog,Takeoff,Destroyed,2,0,0,0,191,Landing Gear Issue,100.0,Critical,Priority Landing,25.9
Rain,Climb,Minor,1,1,1,0,36,Bird Strike,78.5,High,Holding Pattern,18.4
IMC,Taxi,Minor,2,0,0,0,167,Runway Incursion,52.0,Medium,Continue Monitoring,16.9
VMC,Cruise,Substantial,4,0,2,2,71,Runway Incursion,68.0,High,Holding Pattern,20.8
Rain,Cruise,None,1,0,1,1,78,Medical Emergency,48.0,Medium,Continue Monitoring,19.6
Storm,Approach,Substantial,2,0,0,2,216,Landing Gear Issue,95.0,Critical,Priority Landing,26.5
IMC,Takeoff,Minor,4,0,1,1,62,Landing Gear Issue,67.5,High,Runway Change,20.7
Rain,Approach,Minor,2,0,3,0,138,Engine Failure,89.0,Critical,Priority Landing,22.4
VMC,Cruise,None,2,0,0,2,199,Cabin Pressure Failure,51.0,Medium,Emergency Descent,18.2
Fog,Takeoff,None,2,1,0,1,205,Bird Strike,72.5,High,Runway Change,24.4
Storm,Cruise,None,2,0,1,2,67,Landing Gear Issue,62.0,High,Holding Pattern,24.3
VMC,Cruise,None,1,0,1,0,105,Landing Gear Issue,35.5,Medium,Continue Monitoring,13.2
VMC,Climb,None,2,0,0,0,149,Medical Emergency,32.0,Medium,Continue Monitoring,13.3
IMC,Approach,None,2,0,0,0,155,Fuel Low,58.0,High,Runway Change,18.8
IMC,Landing,None,2,0,1,5,57,Runway Incursion,66.5,High,Runway Change,20.6
IMC,Climb,Minor,2,0,1,2,156,Medical Emergency,64.0,High,Holding Pattern,22.9
VMC,Taxi,None,1,0,1,1,20,Near Collision,56.0,High,Go Around,12.5
VMC,Approach,Substantial,2,0,0,1,164,Near Collision,90.5,Critical,Priority Landing,16.1
IMC,Landing,None,2,0,0,1,189,Fuel Low,64.5,High,Runway Change,18.3
IMC,Takeoff,Minor,1,0,0,1,128,Fuel Low,76.0,High,Runway Change,17.6
Rain,Landing,None,2,0,0,2,76,Landing Gear Issue,58.0,High,Runway Change,14.6
Rain,Cruise,Minor,1,0,1,1,75,Medical Emergency,60.0,High,Holding Pattern,17.8
Rain,Landing,Minor,2,0,2,0,178,Medical Emergency,73.0,High,Runway Change,13.8
Fog,Landing,Minor,2,1,1,0,118,Landing Gear Issue,84.0,Critical,Priority Landing,24.5
Rain,Climb,None,1,0,0,2,233,Cabin Pressure Failure,69.5,High,Emergency Descent,21.2
IMC,Climb,Minor,2,0,2,2,244,Cabin Pressure Failure,88.0,Critical,Priority Landing,27.0
Rain,Takeoff,None,2,0,0,2,119,Medical Emergency,54.0,Medium,Continue Monitoring,17.1
VMC,Approach,Minor,2,2,0,0,82,Near Collision,89.0,Critical,Priority Landing,23.8
VMC,Landing,None,3,1,0,0,206,Engine Failure,64.5,High,Runway Change,13.2
IMC,Cruise,Minor,1,1,0,4,186,Bird Strike,76.5,High,Holding Pattern,26.8
Windy,Takeoff,None,2,0,0,2,57,Runway Incursion,56.0,High,Runway Change,15.0
Rain,Climb,Substantial,2,0,1,1,237,Fuel Low,90.5,Critical,Priority Landing,24.1
VMC,Cruise,None,2,0,0,0,66,Landing Gear Issue,30.0,Medium,Continue Monitoring,14.3
IMC,Taxi,None,1,0,1,0,150,Landing Gear Issue,45.5,Medium,Continue Monitoring,14.8
VMC,Takeoff,None,2,0,0,2,62,Medical Emergency,41.0,Medium,Continue Monitoring,10.2
Rain,Cruise,None,1,0,0,5,132,Landing Gear Issue,52.0,Medium,Continue Monitoring,14.7
Fog,Approach,Minor,4,0,0,2,163,Near Collision,88.0,Critical,Priority Landing,22.3
IMC,Climb,Substantial,2,0,0,0,47,Runway Incursion,77.0,High,Holding Pattern,24.7
IMC,Taxi,Substantial,2,0,0,2,79,Medical Emergency,71.0,High,Runway Change,17.9
VMC,Taxi,None,2,0,1,1,193,Engine Failure,47.5,Medium,Continue Monitoring,10.5
VMC,Cruise,None,2,0,2,1,239,Cabin Pressure Failure,57.5,High,Emergency Descent,18.5
Windy,Landing,Substantial,2,0,0,2,229,Runway Incursion,88.0,Critical,Priority Landing,19.7
Rain,Landing,None,1,0,1,4,192,Engine Failure,81.5,Critical,Priority Landing,19.4
IMC,Landing,None,2,0,0,0,245,Engine Failure,70.0,High,Runway Change,16.8
VMC,Climb,Substantial,1,0,0,0,57,Runway Incursion,65.5,High,Holding Pattern,17.2
VMC,Takeoff,None,2,0,1,2,66,Cabin Pressure Failure,65.0,High,Emergency Descent,14.6
VMC,Cruise,None,2,0,0,2,113,Cabin Pressure Failure,51.0,Medium,Emergency Descent,16.2
VMC,Takeoff,None,2,0,0,0,231,Near Collision,62.0,High,Go Around,14.0
VMC,Climb,Minor,2,0,1,0,203,Near Collision,72.0,High,Go Around,21.8
Windy,Approach,None,2,0,1,2,105,Medical Emergency,55.0,High,Runway Change,13.8
IMC,Approach,Minor,1,1,0,1,23,Cabin Pressure Failure,92.0,Critical,Priority Landing,24.6
VMC,Climb,None,4,1,0,0,162,Medical Emergency,38.0,Medium,Continue Monitoring,13.9
VMC,Takeoff,None,1,0,0,2,91,Bird Strike,49.5,Medium,Continue Monitoring,14.3
VMC,Climb,None,3,0,0,1,71,Near Collision,56.0,High,Go Around,16.1
Fog,Cruise,Substantial,2,0,1,1,69,Medical Emergency,80.5,Critical,Priority Landing,27.7
VMC,Landing,None,2,0,1,4,77,Landing Gear Issue,52.0,Medium,Continue Monitoring,14.3
Fog,Cruise,Minor,2,0,0,1,93,Medical Emergency,58.5,High,Holding Pattern,21.8
Fog,Climb,None,2,0,0,2,162,Bird Strike,59.0,High,Holding Pattern,21.7
VMC,Approach,None,2,0,1,1,57,Runway Incursion,42.5,Medium,Continue Monitoring,12.7
Rain,Takeoff,None,1,1,0,0,131,Bird Strike,68.5,High,Runway Change,18.4
Storm,Climb,Minor,2,0,0,2,231,Landing Gear Issue,74.0,High,Holding Pattern,26.2
VMC,Takeoff,Minor,1,0,0,2,241,Near Collision,78.5,High,Go Around,18.9
VMC,Approach,Substantial,2,0,1,3,210,Medical Emergency,73.5,High,Runway Change,19.0
Windy,Cruise,Substantial,2,0,0,1,80,Bird Strike,79.5,High,Holding Pattern,21.5
Windy,Approach,Substantial,3,0,1,0,53,Bird Strike,87.5,Critical,Priority Landing,22.3
IMC,Approach,Minor,2,0,2,0,221,Bird Strike,75.0,High,Runway Change,21.4
IMC,Cruise,Minor,2,0,2,2,112,Runway Incursion,66.0,High,Holding Pattern,18.7
VMC,Taxi,Minor,2,0,0,0,125,Bird Strike,44.0,Medium,Continue Monitoring,14.6
Fog,Taxi,None,2,0,0,3,118,Engine Failure,63.5,High,Runway Change,19.6
IMC,Takeoff,Substantial,2,0,0,1,50,Bird Strike,89.5,Critical,Priority Landing,21.8
VMC,Taxi,Substantial,2,1,0,1,185,Cabin Pressure Failure,85.5,Critical,Priority Landing,19.0
Rain,Climb,None,2,0,0,3,74,Medical Emergency,49.5,Medium,Continue Monitoring,14.1
Storm,Climb,Substantial,2,0,1,2,73,Fuel Low,100.0,Critical,Priority Landing,33.2
Fog,Approach,Substantial,2,0,0,1,193,Landing Gear Issue,85.5,Critical,Priority Landing,24.4
VMC,Takeoff,None,2,0,0,0,183,Fuel Low,48.0,Medium,Continue Monitoring,9.5
VMC,Cruise,Substantial,1,0,1,0,210,Runway Incursion,65.5,High,Holding Pattern,19.9
Windy,Climb,None,2,0,0,0,182,Engine Failure,62.0,High,Holding Pattern,17.4
Windy,Cruise,None,2,0,0,2,29,Cabin Pressure Failure,64.0,High,Emergency Descent,22.4
IMC,Landing,None,2,0,1,1,115,Bird Strike,65.5,High,Runway Change,17.7
Rain,Taxi,Minor,2,0,1,1,114,Engine Failure,72.5,High,Runway Change,12.6
IMC,Climb,None,2,1,0,1,93,Near Collision,79.5,High,Go Around,25.4
VMC,Approach,Substantial,4,0,1,4,133,Near Collision,96.0,Critical,Priority Landing,20.6
VMC,Cruise,None,2,0,1,6,134,Cabin Pressure Failure,61.0,High,Emergency Descent,17.1
VMC,Cruise,None,2,0,1,2,161,Medical Emergency,35.0,Medium,Continue Monitoring,9.0
VMC,Approach,Minor,1,0,1,1,240,Fuel Low,64.0,High,Runway Change,16.4
Fog,Taxi,None,1,0,0,2,169,Runway Incursion,48.5,Medium,Continue Monitoring,20.1
VMC,Cruise,Minor,2,0,0,1,234,Bird Strike,48.5,Medium,Continue Monitoring,11.9
VMC,Takeoff,None,2,0,1,0,211,Medical Emergency,42.0,Medium,Continue Monitoring,13.9
IMC,Taxi,Destroyed,1,0,0,2,188,Landing Gear Issue,89.5,Critical,Priority Landing,23.0
VMC,Taxi,Minor,2,0,0,1,82,Near Collision,62.5,High,Go Around,19.9
VMC,Climb,None,2,0,0,1,152,Runway Incursion,35.5,Medium,Continue Monitoring,14.3
IMC,Approach,None,2,0,0,1,45,Bird Strike,56.5,High,Runway Change,17.8
VMC,Taxi,None,4,0,1,2,232,Engine Failure,46.0,Medium,Continue Monitoring,14.5
Rain,Approach,Destroyed,2,0,0,1,62,Runway Incursion,96.5,Critical,Priority Landing,22.4
Windy,Cruise,Minor,1,0,0,1,74,Cabin Pressure Failure,76.0,High,Emergency Descent,19.5
VMC,Taxi,None,2,0,0,0,235,Runway Incursion,27.0,Low,Continue Monitoring,10.3
Windy,Landing,None,1,0,1,0,48,Runway Incursion,60.5,High,Runway Change,13.9
Windy,Approach,Substantial,1,0,1,0,145,Fuel Low,93.5,Critical,Priority Landing,17.3
Fog,Takeoff,None,2,0,0,4,152,Engine Failure,78.0,High,Runway Change,26.1
Rain,Cruise,Minor,2,0,0,2,70,Landing Gear Issue,58.0,High,Holding Pattern,16.7
Rain,Landing,Substantial,1,0,1,3,109,Fuel Low,100.0,Critical,Priority Landing,20.8
Rain,Climb,None,2,0,0,2,200,Bird Strike,55.0,High,Holding Pattern,17.6
Rain,Approach,Minor,2,0,1,2,183,Cabin Pressure Failure,87.0,Critical,Priority Landing,16.5
VMC,Approach,None,1,1,0,3,155,Engine Failure,67.0,High,Runway Change,13.4
Storm,Takeoff,None,4,0,0,1,145,Engine Failure,78.5,High,Runway Change,21.1
IMC,Approach,Destroyed,2,0,1,1,104,Runway Incursion,100.0,Critical,Priority Landing,25.0
Fog,Landing,Minor,4,1,0,1,163,Engine Failure,93.5,Critical,Priority Landing,25.0
VMC,Climb,Substantial,4,0,0,1,24,Cabin Pressure Failure,80.5,Critical,Priority Landing,23.7
VMC,Approach,Minor,2,0,0,0,36,Medical Emergency,47.0,Medium,Continue Monitoring,11.5
IMC,Landing,None,2,0,0,2,200,Engine Failure,73.0,High,Runway Change,22.1
IMC,Takeoff,Minor,3,0,1,1,60,Landing Gear Issue,69.0,High,Runway Change,21.6
VMC,Approach,Minor,2,0,2,2,185,Bird Strike,65.0,High,Runway Change,13.5
VMC,Climb,None,2,0,1,2,23,Near Collision,63.0,High,Go Around,18.8
VMC,Cruise,None,2,2,0,0,80,Bird Strike,53.0,Medium,Continue Monitoring,14.7
IMC,Approach,Minor,2,0,0,0,235,Cabin Pressure Failure,80.0,Critical,Priority Landing,24.5
VMC,Takeoff,Minor,4,0,0,2,81,Bird Strike,57.0,High,Runway Change,15.2
Storm,Takeoff,None,2,0,0,1,246,Landing Gear Issue,66.5,High,Runway Change,20.0
VMC,Cruise,Substantial,4,0,1,0,82,Medical Emergency,59.0,High,Holding Pattern,14.9
VMC,Taxi,None,2,0,0,3,166,Engine Failure,46.5,Medium,Continue Monitoring,12.6
VMC,Takeoff,None,2,0,1,0,174,Engine Failure,59.0,High,Runway Change,13.1
IMC,Landing,None,2,1,0,2,165,Cabin Pressure Failure,85.0,Critical,Priority Landing,24.7
IMC,Takeoff,Substantial,4,0,0,0,87,Cabin Pressure Failure,98.0,Critical,Priority Landing,25.4
Rain,Cruise,None,4,0,0,3,194,Fuel Low,52.5,Medium,Continue Monitoring,14.8
Storm,Cruise,Minor,3,0,0,2,91,Cabin Pressure Failure,86.5,Critical,Priority Landing,28.4
VMC,Cruise,None,2,0,0,0,207,Runway Incursion,30.0,Medium,Continue Monitoring,13.8
Rain,Takeoff,Minor,2,0,0,2,106,Near Collision,90.0,Critical,Priority Landing,19.0
VMC,Landing,Substantial,2,0,0,1,212,Near Collision,95.5,Critical,Priority Landing,23.5
VMC,Climb,None,4,0,1,1,245,Landing Gear Issue,36.5,Medium,Continue Monitoring,13.0
IMC,Landing,Substantial,1,1,1,2,193,Bird Strike,100.0,Critical,Priority Landing,25.4
VMC,Approach,None,2,0,0,1,125,Engine Failure,53.5,Medium,Continue Monitoring,13.9
Rain,Approach,None,2,0,0,0,117,Engine Failure,65.0,High,Runway Change,14.2
Rain,Climb,Minor,2,0,1,0,106,Engine Failure,78.0,High,Holding Pattern,20.2
Rain,Approach,Minor,2,0,0,2,100,Fuel Low,73.0,High,Runway Change,16.8
IMC,Taxi,None,2,0,2,3,128,Bird Strike,57.5,High,Runway Change,21.4
Rain,Taxi,Minor,1,0,1,4,131,Landing Gear Issue,63.5,High,Runway Change,18.4
VMC,Taxi,None,2,0,1,2,185,Fuel Low,42.0,Medium,Continue Monitoring,11.0
VMC,Climb,Minor,2,0,1,3,224,Bird Strike,59.5,High,Holding Pattern,20.9
VMC,Approach,Minor,1,0,0,2,223,Cabin Pressure Failure,71.5,High,Emergency Descent,16.8
Rain,Cruise,Destroyed,2,0,0,0,158,Medical Emergency,86.0,Critical,Priority Landing,23.2
Storm,Taxi,Minor,2,0,1,0,247,Engine Failure,83.0,Critical,Priority Landing,24.7
VMC,Taxi,Minor,2,0,1,1,225,Landing Gear Issue,44.5,Medium,Continue Monitoring,12.6
IMC,Taxi,Minor,2,1,0,0,131,Near Collision,83.0,Critical,Priority Landing,27.8
Fog,Takeoff,None,2,0,0,2,114,Runway Incursion,60.0,High,Runway Change,19.3
Fog,Climb,None,4,2,0,2,125,Landing Gear Issue,69.0,High,Holding Pattern,21.0
IMC,Landing,Destroyed,1,0,2,1,25,Landing Gear Issue,100.0,Critical,Priority Landing,28.6
Rain,Landing,None,2,1,0,0,95,Bird Strike,69.0,High,Runway Change,15.6
Rain,Cruise,Substantial,2,0,0,1,108,Runway Incursion,74.5,High,Holding Pattern,19.8
Windy,Takeoff,None,1,0,1,0,199,Engine Failure,73.5,High,Runway Change,11.2
VMC,Takeoff,Substantial,3,1,1,1,80,Fuel Low,91.0,Critical,Priority Landing,22.4
Windy,Landing,None,4,0,1,0,170,Runway Incursion,56.0,High,Runway Change,15.7
VMC,Cruise,Destroyed,2,0,2,3,94,Near Collision,100.0,Critical,Priority Landing,26.6
Fog,Cruise,Minor,4,0,0,3,103,Runway Incursion,60.5,High,Holding Pattern,23.8
VMC,Landing,None,2,0,1,1,35,Runway Incursion,47.5,Medium,Continue Monitoring,15.9
VMC,Takeoff,Minor,2,0,0,2,139,Engine Failure,70.0,High,Runway Change,16.5
VMC,Landing,Minor,1,0,1,0,42,Cabin Pressure Failure,77.5,High,Emergency Descent,19.8
VMC,Climb,None,1,1,0,2,67,Cabin Pressure Failure,65.5,High,Emergency Descent,17.3
VMC,Taxi,None,2,0,1,1,135,Bird Strike,37.5,Medium,Continue Monitoring,10.0
VMC,Taxi,Minor,2,0,0,2,179,Bird Strike,47.0,Medium,Continue Monitoring,14.6
IMC,Approach,Minor,2,0,0,1,112,Medical Emergency,61.5,High,Runway Change,19.9
VMC,Climb,None,2,1,1,0,77,Near Collision,69.0,High,Go Around,16.8
Fog,Climb,Substantial,2,0,0,0,226,Runway Incursion,81.0,Critical,Priority Landing,26.3
Windy,Climb,None,2,0,0,2,100,Near Collision,72.0,High,Go Around,19.6
Rain,Taxi,None,2,0,1,0,93,Landing Gear Issue,44.0,Medium,Continue Monitoring,10.3
VMC,Climb,Minor,2,0,0,1,35,Bird Strike,52.5,Medium,Continue Monitoring,17.3
VMC,Cruise,None,2,0,2,2,100,Medical Emergency,39.0,Medium,Continue Monitoring,13.2
Windy,Cruise,None,2,0,2,3,70,Fuel Low,63.5,High,Holding Pattern,15.3
VMC,Landing,Minor,2,1,0,0,101,Landing Gear Issue,63.0,High,Runway Change,13.1
VMC,Taxi,None,1,0,1,2,64,Cabin Pressure Failure,53.5,Medium,Emergency Descent,17.2
Windy,Approach,None,2,0,1,0,65,Cabin Pressure Failure,72.0,High,Emergency Descent,13.9
Storm,Landing,Minor,4,1,2,0,189,Cabin Pressure Failure,100.0,Critical,Priority Landing,26.4
VMC,Approach,Minor,1,0,2,0,129,Fuel Low,66.5,High,Runway Change,17.2
Rain,Cruise,Substantial,2,0,1,0,179,Landing Gear Issue,77.0,High,Holding Pattern,22.1
IMC,Takeoff,Minor,1,0,1,0,152,Cabin Pressure Failure,88.5,Critical,Priority Landing,21.5
Fog,Climb,Minor,1,0,2,0,143,Cabin Pressure Failure,90.5,Critical,Priority Landing,26.6
VMC,Cruise,None,2,0,1,0,127,Near Collision,56.0,High,Go Around,17.4
VMC,Takeoff,Substantial,2,0,0,0,109,Runway Incursion,70.0,High,Runway Change,18.2
Rain,Climb,None,2,0,0,2,80,Medical Emergency,48.0,Medium,Continue Monitoring,14.4
VMC,Cruise,None,4,0,0,2,224,Near Collision,52.0,Medium,Go Around,14.0
Rain,Cruise,Substantial,2,0,1,1,114,Runway Incursion,78.5,High,Holding Pattern,23.1
VMC,Landing,Minor,1,0,0,1,223,Near Collision,79.0,High,Go Around,20.4
Windy,Taxi,Minor,3,0,0,1,196,Engine Failure,67.0,High,Runway Change,16.8
Fog,Landing,None,2,1,0,0,158,Bird Strike,73.0,High,Runway Change,19.9
IMC,Takeoff,None,4,0,0,1,213,Engine Failure,66.5,High,Runway Change,20.8
Fog,Cruise,Minor,2,0,2,1,171,Fuel Low,76.5,High,Holding Pattern,25.0
VMC,Landing,Minor,2,0,1,3,207,Bird Strike,67.5,High,Runway Change,17.8
IMC,Approach,Minor,4,0,0,1,203,Cabin Pressure Failure,78.5,High,Emergency Descent,19.6
VMC,Cruise,None,2,1,0,2,168,Landing Gear Issue,42.0,Medium,Continue Monitoring,14.8
Windy,Cruise,None,3,0,1,3,186,Engine Failure,65.0,High,Holding Pattern,18.4
Fog,Cruise,Minor,2,0,0,1,208,Fuel Low,68.5,High,Holding Pattern,21.1
Windy,Approach,Minor,3,0,0,1,71,Engine Failure,77.0,High,Runway Change,18.3
Windy,Climb,None,2,0,0,0,221,Engine Failure,62.0,High,Holding Pattern,18.2
Storm,Approach,None,2,0,0,0,135,Engine Failure,77.0,High,Runway Change,21.0
VMC,Climb,None,1,0,0,1,48,Cabin Pressure Failure,55.0,High,Emergency Descent,17.7
Windy,Landing,None,4,1,1,1,54,Landing Gear Issue,66.5,High,Runway Change,13.1
IMC,Taxi,Minor,1,0,0,1,192,Near Collision,77.0,High,Go Around,21.8
VMC,Approach,None,1,1,0,1,206,Near Collision,71.0,High,Go Around,17.6
IMC,Cruise,Minor,4,0,0,0,170,Bird Strike,57.0,High,Holding Pattern,21.8
VMC,Taxi,Substantial,2,0,1,0,170,Runway Incursion,61.0,High,Runway Change,17.1
VMC,Approach,Destroyed,2,1,0,0,219,Cabin Pressure Failure,100.0,Critical,Priority Landing,19.6
VMC,Cruise,Substantial,2,0,2,1,245,Landing Gear Issue,69.5,High,Holding Pattern,16.5
VMC,Takeoff,None,2,0,0,1,211,Medical Emergency,39.5,Medium,Continue Monitoring,11.6
IMC,Takeoff,None,2,0,1,0,51,Near Collision,79.0,High,Go Around,23.1
Windy,Climb,None,2,0,1,0,204,Medical Emergency,49.0,Medium,Continue Monitoring,20.1
Rain,Climb,Minor,2,0,1,1,137,Cabin Pressure Failure,82.5,Critical,Priority Landing,23.1
IMC,Landing,None,2,1,0,2,203,Engine Failure,82.0,Critical,Priority Landing,21.0
VMC,Approach,None,2,0,1,1,186,Medical Emergency,40.5,Medium,Continue Monitoring,12.9
IMC,Taxi,None,1,0,0,0,175,Bird Strike,46.5,Medium,Continue Monitoring,14.7
VMC,Approach,None,2,0,0,1,219,Near Collision,60.5,High,Go Around,11.9
Fog,Taxi,Minor,2,0,1,2,54,Near Collision,85.0,Critical,Priority Landing,28.5
VMC,Approach,Minor,2,0,0,2,216,Runway Incursion,52.0,Medium,Continue Monitoring,14.0
Rain,Cruise,Minor,2,0,0,2,99,Medical Emergency,56.0,High,Holding Pattern,18.5
Fog,Landing,Substantial,2,1,0,0,66,Runway Incursion,98.0,Critical,Priority Landing,26.8
IMC,Cruise,None,2,0,1,2,185,Landing Gear Issue,50.0,Medium,Continue Monitoring,23.6
Windy,Climb,None,2,1,0,0,245,Medical Emergency,54.0,Medium,Continue Monitoring,17.3
VMC,Cruise,None,4,1,1,0,40,Landing Gear Issue,40.0,Medium,Continue Monitoring,16.6
Windy,Approach,Minor,2,0,0,1,245,Runway Incursion,63.5,High,Runway Change,13.4
Rain,Cruise,Minor,3,0,0,3,98,Fuel Low,66.0,High,Holding Pattern,16.1
Fog,Landing,None,2,0,2,3,242,Medical Emergency,69.5,High,Runway Change,23.4
Rain,Taxi,Destroyed,1,1,0,5,31,Engine Failure,100.0,Critical,Priority Landing,24.9
Fog,Cruise,None,4,1,1,0,161,Medical Emergency,55.0,High,Holding Pattern,21.9
Storm,Climb,None,2,0,0,2,142,Fuel Low,70.0,High,Holding Pattern,24.1
VMC,Cruise,Minor,2,0,0,1,211,Fuel Low,51.5,Medium,Continue Monitoring,16.6
Fog,Taxi,Substantial,2,1,0,3,128,Fuel Low,95.5,Critical,Priority Landing,23.8
Rain,Climb,Minor,2,0,0,2,37,Engine Failure,77.0,High,Holding Pattern,23.9
IMC,Taxi,Destroyed,2,1,0,0,62,Medical Emergency,92.0,Critical,Priority Landing,25.9
Windy,Cruise,None,2,0,2,2,78,Bird Strike,59.0,High,Holding Pattern,18.6
VMC,Taxi,Minor,2,1,2,5,220,Bird Strike,68.5,High,Runway Change,17.1
IMC,Landing,Substantial,2,0,2,2,41,Near Collision,100.0,Critical,Priority Landing,28.1
VMC,Landing,Minor,2,0,0,0,212,Landing Gear Issue,54.0,Medium,Continue Monitoring,14.7
VMC,Taxi,None,2,0,0,2,136,Bird Strike,35.0,Medium,Continue Monitoring,11.8
Fog,Climb,Destroyed,2,0,1,2,150,Cabin Pressure Failure,100.0,Critical,Priority Landing,26.7
VMC,Approach,None,1,0,0,0,241,Landing Gear Issue,38.5,Medium,Continue Monitoring,12.0
VMC,Takeoff,None,3,0,0,1,196,Cabin Pressure Failure,58.0,High,Emergency Descent,18.8
VMC,Climb,Substantial,2,0,0,3,169,Engine Failure,83.5,Critical,Priority Landing,21.0
IMC,Takeoff,Substantial,4,0,0,4,209,Runway Incursion,86.0,Critical,Priority Landing,23.2
Fog,Landing,Destroyed,2,1,1,0,126,Engine Failure,100.0,Critical,Priority Landing,27.8
Windy,Approach,Substantial,2,0,1,3,234,Cabin Pressure Failure,100.0,Critical,Priority Landing,23.9
VMC,Landing,None,2,1,0,1,202,Medical Emergency,50.5,Medium,Continue Monitoring,14.3
IMC,Climb,Substantial,3,0,0,2,244,Cabin Pressure Failure,96.5,Critical,Priority Landing,25.1
IMC,Climb,None,4,1,0,4,146,Bird Strike,64.0,High,Holding Pattern,23.5
Rain,Landing,Minor,2,0,2,3,167,Landing Gear Issue,79.5,High,Runway Change,15.9
VMC,Landing,None,1,0,2,1,125,Engine Failure,68.0,High,Runway Change,14.6
VMC,Taxi,Substantial,2,0,0,0,232,Landing Gear Issue,57.0,High,Runway Change,15.4
IMC,Takeoff,Minor,1,0,2,2,164,Engine Failure,92.5,Critical,Priority Landing,24.1
IMC,Cruise,Substantial,1,0,0,2,56,Fuel Low,85.5,Critical,Priority Landing,28.0
IMC,Takeoff,None,2,1,0,2,137,Cabin Pressure Failure,83.0,Critical,Priority Landing,29.2
IMC,Landing,None,3,0,0,2,50,Cabin Pressure Failure,74.5,High,Emergency Descent,23.0
Fog,Takeoff,None,2,0,0,1,167,Fuel Low,66.5,High,Runway Change,21.4
Rain,Landing,None,1,0,0,0,180,Fuel Low,64.5,High,Runway Change,13.8
VMC,Takeoff,Minor,4,1,0,1,204,Cabin Pressure Failure,77.5,High,Emergency Descent,16.7
Fog,Takeoff,None,1,0,0,0,55,Engine Failure,73.5,High,Runway Change,19.1
Windy,Taxi,Minor,1,0,0,0,126,Bird Strike,58.5,High,Runway Change,13.5
VMC,Cruise,None,2,0,0,3,101,Medical Emergency,32.5,Medium,Continue Monitoring,10.7
IMC,Cruise,None,3,0,0,1,115,Engine Failure,58.0,High,Holding Pattern,20.1
VMC,Approach,Minor,2,0,2,0,236,Engine Failure,72.0,High,Runway Change,16.5
Rain,Climb,None,2,0,2,0,148,Engine Failure,70.0,High,Holding Pattern,17.6
VMC,Landing,None,2,0,1,0,121,Runway Incursion,46.0,Medium,Continue Monitoring,9.4
Rain,Cruise,None,2,0,0,1,228,Engine Failure,59.5,High,Holding Pattern,15.0
VMC,Climb,None,2,0,1,1,142,Bird Strike,44.5,Medium,Continue Monitoring,15.9
IMC,Cruise,Minor,3,0,0,1,117,Runway Incursion,55.0,High,Holding Pattern,21.0
Windy,Takeoff,None,2,0,0,0,144,Medical Emergency,51.0,Medium,Continue Monitoring,15.2
VMC,Climb,None,2,0,0,2,214,Medical Emergency,35.0,Medium,Continue Monitoring,15.4
Windy,Approach,Minor,2,0,0,1,124,Near Collision,85.5,Critical,Priority Landing,18.7
Storm,Takeoff,Minor,1,0,0,2,161,Cabin Pressure Failure,99.5,Critical,Priority Landing,27.3
Windy,Takeoff,Minor,2,1,1,0,61,Medical Emergency,76.0,High,Runway Change,14.8
VMC,Approach,None,1,0,1,1,22,Runway Incursion,44.0,Medium,Continue Monitoring,16.5
Fog,Cruise,Substantial,2,0,0,0,35,Bird Strike,82.0,Critical,Priority Landing,28.2
VMC,Takeoff,None,2,0,1,2,129,Bird Strike,52.0,Medium,Continue Monitoring,12.9
VMC,Landing,None,2,0,0,1,185,Cabin Pressure Failure,61.5,High,Emergency Descent,12.7
Windy,Landing,Substantial,2,1,1,2,68,Runway Incursion,100.0,Critical,Priority Landing,22.8
Rain,Takeoff,Minor,3,0,0,0,236,Landing Gear Issue,63.5,High,Runway Change,11.7
IMC,Climb,Minor,4,0,1,3,54,Near Collision,86.5,Critical,Priority Landing,25.0
VMC,Cruise,Substantial,2,0,1,0,180,Engine Failure,79.0,High,Holding Pattern,22.7
Fog,Landing,None,1,0,0,2,73,Near Collision,85.5,Critical,Priority Landing,23.5
Rain,Takeoff,Substantial,2,1,0,2,33,Bird Strike,100.0,Critical,Priority Landing,21.0
IMC,Landing,Minor,1,0,1,1,183,Runway Incursion,74.0,High,Runway Change,23.2
Windy,Climb,None,2,1,2,0,139,Engine Failure,79.0,High,Holding Pattern,19.1
VMC,Takeoff,None,1,0,0,3,164,Bird Strike,51.0,Medium,Continue Monitoring,13.7
VMC,Taxi,None,4,1,0,0,236,Cabin Pressure Failure,51.0,Medium,Emergency Descent,12.2
Rain,Takeoff,Substantial,1,0,1,2,143,Cabin Pressure Failure,100.0,Critical,Priority Landing,20.3
Storm,Takeoff,None,2,0,1,0,213,Fuel Low,77.0,High,Runway Change,22.8
VMC,Taxi,None,2,1,2,1,133,Medical Emergency,43.5,Medium,Continue Monitoring,9.8
VMC,Approach,Minor,2,0,0,2,100,Near Collision,74.0,High,Go Around,21.1
VMC,Cruise,Minor,2,0,0,1,109,Near Collision,65.5,High,Go Around,17.6
Windy,Landing,None,4,1,0,2,99,Near Collision,86.0,Critical,Priority Landing,23.5
VMC,Approach,Substantial,2,0,1,0,223,Bird Strike,76.0,High,Runway Change,15.5
IMC,Approach,Minor,2,1,0,0,137,Cabin Pressure Failure,89.0,Critical,Priority Landing,25.2
Storm,Takeoff,Substantial,2,0,2,0,234,Bird Strike,100.0,Critical,Priority Landing,23.6
VMC,Approach,None,3,0,1,3,77,Bird Strike,49.0,Medium,Continue Monitoring,10.1
IMC,Climb,None,2,0,0,2,195,Landing Gear Issue,50.0,Medium,Continue Monitoring,20.3
IMC,Landing,Minor,2,0,0,1,46,Engine Failure,83.5,Critical,Priority Landing,24.4
Fog,Approach,None,2,0,0,1,86,Medical Emergency,53.5,Medium,Continue Monitoring,15.1
VMC,Takeoff,Minor,1,0,0,0,27,Medical Emergency,51.5,Medium,Continue Monitoring,15.6
VMC,Taxi,None,1,0,0,2,230,Bird Strike,36.5,Medium,Continue Monitoring,9.0
VMC,Climb,Substantial,1,0,0,1,88,Engine Failure,82.0,Critical,Priority Landing,22.0
Rain,Climb,Substantial,1,0,1,2,208,Bird Strike,90.5,Critical,Priority Landing,24.0
Fog,Taxi,Substantial,2,1,1,3,117,Near Collision,100.0,Critical,Priority Landing,27.2
VMC,Landing,Destroyed,4,0,0,0,48,Cabin Pressure Failure,100.0,Critical,Priority Landing,18.4
VMC,Taxi,Substantial,2,0,0,4,99,Cabin Pressure Failure,81.0,Critical,Priority Landing,21.8
Windy,Approach,None,3,0,0,0,98,Bird Strike,53.5,Medium,Continue Monitoring,14.8
VMC,Taxi,None,2,0,0,1,137,Cabin Pressure Failure,46.5,Medium,Emergency Descent,11.5
VMC,Takeoff,Substantial,2,0,1,3,95,Bird Strike,83.5,Critical,Priority Landing,17.0
IMC,Approach,Substantial,1,1,1,0,175,Fuel Low,100.0,Critical,Priority Landing,22.6
VMC,Climb,Destroyed,2,0,1,2,187,Landing Gear Issue,86.0,Critical,Priority Landing,19.8
VMC,Cruise,Substantial,2,0,1,2,55,Medical Emergency,65.0,High,Holding Pattern,19.8
IMC,Climb,None,2,0,0,2,140,Engine Failure,65.0,High,Holding Pattern,22.0
VMC,Climb,Substantial,4,0,1,1,153,Cabin Pressure Failure,84.5,Critical,Priority Landing,19.9
IMC,Cruise,Substantial,4,0,1,1,81,Bird Strike,80.5,Critical,Priority Landing,24.4
Rain,Taxi,Minor,2,0,2,0,197,Engine Failure,75.0,High,Runway Change,20.6
IMC,Approach,Substantial,2,0,0,1,73,Near Collision,100.0,Critical,Priority Landing,25.3
VMC,Cruise,Minor,1,0,0,0,220,Near Collision,65.5,High,Go Around,17.6
Fog,Cruise,Substantial,1,0,1,1,125,Bird Strike,89.0,Critical,Priority Landing,29.7
VMC,Approach,None,1,0,1,2,104,Near Collision,67.5,High,Go Around,17.1
Fog,Climb,Substantial,2,0,0,2,173,Bird Strike,89.0,Critical,Priority Landing,27.1
VMC,Approach,None,2,0,2,1,162,Cabin Pressure Failure,64.5,High,Emergency Descent,14.4
Fog,Landing,None,2,0,0,0,137,Cabin Pressure Failure,77.0,High,Emergency Descent,18.8
VMC,Climb,None,1,0,2,0,177,Engine Failure,58.5,High,Holding Pattern,15.2
VMC,Approach,Minor,4,1,0,2,80,Near Collision,80.0,Critical,Priority Landing,17.4
IMC,Landing,None,2,0,0,1,206,Cabin Pressure Failure,74.5,High,Emergency Descent,21.0
VMC,Approach,Destroyed,2,1,0,0,162,Medical Emergency,89.0,Critical,Priority Landing,20.7
VMC,Climb,Minor,2,0,0,1,68,Near Collision,69.5,High,Go Around,20.6
Rain,Approach,Substantial,2,0,0,0,249,Runway Incursion,80.0,Critical,Priority Landing,18.8
Fog,Landing,None,2,0,1,0,219,Medical Emergency,61.0,High,Runway Change,19.4
VMC,Climb,None,2,0,1,2,60,Runway Incursion,41.0,Medium,Continue Monitoring,12.4
Windy,Approach,Substantial,4,0,0,2,200,Engine Failure,95.0,Critical,Priority Landing,16.8
Fog,Landing,Minor,2,0,0,1,141,Cabin Pressure Failure,90.5,Critical,Priority Landing,23.2
Windy,Climb,Minor,2,0,0,1,197,Fuel Low,68.5,High,Holding Pattern,17.4
Rain,Cruise,Substantial,1,1,1,1,106,Cabin Pressure Failure,100.0,Critical,Priority Landing,23.7
Rain,Taxi,Substantial,4,1,1,2,76,Cabin Pressure Failure,100.0,Critical,Priority Landing,21.5
IMC,Cruise,Minor,2,0,2,0,70,Runway Incursion,63.0,High,Holding Pattern,19.9
Rain,Approach,Destroyed,2,1,1,3,35,Cabin Pressure Failure,100.0,Critical,Priority Landing,19.8
Windy,Takeoff,Minor,4,0,0,1,221,Engine Failure,78.5,High,Runway Change,17.9
VMC,Taxi,Minor,2,0,1,2,91,Landing Gear Issue,46.0,Medium,Continue Monitoring,12.5
VMC,Approach,None,1,0,0,1,240,Cabin Pressure Failure,58.0,High,Emergency Descent,13.1
VMC,Landing,None,2,0,1,0,71,Engine Failure,61.0,High,Runway Change,16.0
Windy,Approach,None,2,1,2,2,100,Bird Strike,75.0,High,Runway Change,17.1
VMC,Cruise,Substantial,4,0,2,2,222,Engine Failure,83.0,Critical,Priority Landing,19.9
Rain,Cruise,Minor,2,0,1,2,99,Bird Strike,67.0,High,Holding Pattern,19.1
Fog,Landing,None,2,0,0,1,194,Fuel Low,68.5,High,Runway Change,24.1
Storm,Taxi,Minor,2,0,1,2,41,Landing Gear Issue,71.0,High,Runway Change,19.4
VMC,Takeoff,None,2,0,0,1,239,Runway Incursion,41.5,Medium,Continue Monitoring,13.8
Fog,Taxi,None,1,0,0,0,162,Engine Failure,60.5,High,Runway Change,21.6
Windy,Landing,Substantial,4,0,0,0,192,Fuel Low,90.0,Critical,Priority Landing,23.2
VMC,Takeoff,None,1,0,3,0,26,Fuel Low,61.5,High,Runway Change,13.4
Fog,Takeoff,None,4,0,0,0,241,Medical Emergency,52.0,Medium,Continue Monitoring,21.4
VMC,Landing,Minor,2,0,0,1,134,Bird Strike,60.5,High,Runway Change,15.1
Rain,Taxi,None,1,0,0,0,68,Fuel Low,49.5,Medium,Continue Monitoring,12.4
IMC,Cruise,Minor,2,0,0,0,55,Cabin Pressure Failure,73.0,High,Emergency Descent,23.7
VMC,Approach,Destroyed,2,0,0,1,40,Cabin Pressure Failure,100.0,Critical,Priority Landing,23.2
VMC,Taxi,Minor,2,0,1,1,174,Runway Incursion,44.5,Medium,Continue Monitoring,12.1
VMC,Climb,Minor,2,0,2,0,68,Landing Gear Issue,54.0,Medium,Continue Monitoring,16.4
VMC,Climb,None,1,0,0,1,233,Medical Emergency,35.0,Medium,Continue Monitoring,15.9
Rain,Taxi,Minor,1,2,0,2,72,Runway Incursion,74.5,High,Runway Change,16.0
VMC,Climb,None,2,1,1,0,40,Runway Incursion,47.0,Medium,Continue Monitoring,13.4
VMC,Cruise,None,1,0,0,1,216,Fuel Low,41.0,Medium,Continue Monitoring,16.0
Rain,Cruise,Substantial,2,0,2,2,198,Medical Emergency,82.0,Critical,Priority Landing,23.2
Rain,Approach,None,2,0,0,1,139,Near Collision,73.5,High,Go Around,19.4
IMC,Climb,Minor,2,0,0,2,211,Landing Gear Issue,62.0,High,Holding Pattern,20.0
Windy,Landing,None,2,1,1,1,186,Runway Incursion,69.5,High,Runway Change,18.7
VMC,Landing,Substantial,3,0,0,0,60,Runway Incursion,70.5,High,Runway Change,17.7
Fog,Climb,None,3,0,0,2,115,Runway Incursion,52.5,Medium,Continue Monitoring,24.0
VMC,Cruise,None,1,0,0,3,232,Bird Strike,41.0,Medium,Continue Monitoring,11.9
Rain,Takeoff,Substantial,2,0,0,2,175,Bird Strike,91.0,Critical,Priority Landing,20.8
Storm,Climb,Minor,3,0,1,2,162,Landing Gear Issue,76.5,High,Holding Pattern,24.2
Fog,Taxi,Substantial,2,0,0,3,60,Medical Emergency,76.5,High,Runway Change,18.6
IMC,Approach,None,2,0,2,1,143,Bird Strike,64.5,High,Runway Change,18.2
Rain,Approach,Minor,2,0,1,0,58,Fuel Low,74.0,High,Runway Change,19.6
VMC,Taxi,Destroyed,2,0,0,3,174,Medical Emergency,74.5,High,Runway Change,16.5
Rain,Landing,Minor,2,0,0,2,71,Cabin Pressure Failure,88.0,Critical,Priority Landing,18.4
Fog,Landing,Minor,2,0,0,4,86,Bird Strike,82.0,Critical,Priority Landing,24.5
Storm,Landing,None,1,0,2,2,151,Fuel Low,87.5,Critical,Priority Landing,25.7
IMC,Cruise,Substantial,4,0,0,1,25,Medical Emergency,69.5,High,Holding Pattern,25.5
VMC,Approach,Substantial,2,0,1,3,180,Bird Strike,80.5,Critical,Priority Landing,16.9
IMC,Climb,Minor,1,0,0,0,121,Landing Gear Issue,60.5,High,Holding Pattern,21.8
VMC,Taxi,Substantial,2,1,0,0,137,Engine Failure,81.0,Critical,Priority Landing,20.6
VMC,Climb,Minor,2,0,0,0,190,Runway Incursion,46.0,Medium,Continue Monitoring,14.0
VMC,Taxi,Minor,2,1,0,2,197,Fuel Low,59.0,High,Runway Change,13.1
Rain,Taxi,None,4,1,0,2,231,Cabin Pressure Failure,67.0,High,Emergency Descent,17.7
VMC,Takeoff,Minor,2,1,0,2,61,Fuel Low,72.0,High,Runway Change,20.1
VMC,Landing,Substantial,2,0,0,1,118,Landing Gear Issue,73.5,High,Runway Change,14.9
VMC,Taxi,Minor,3,0,0,3,41,Landing Gear Issue,42.0,Medium,Continue Monitoring,6.4
Windy,Approach,None,2,0,0,2,80,Fuel Low,61.0,High,Runway Change,12.1
Rain,Cruise,Minor,2,0,0,1,146,Engine Failure,71.5,High,Holding Pattern,17.8
VMC,Taxi,Substantial,2,0,0,1,50,Bird Strike,63.5,High,Runway Change,15.2
VMC,Approach,Substantial,2,0,2,1,122,Near Collision,98.5,Critical,Priority Landing,23.0
IMC,Takeoff,None,2,1,0,2,235,Runway Incursion,65.0,High,Runway Change,19.4
VMC,Climb,None,2,0,0,2,36,Engine Failure,52.0,Medium,Continue Monitoring,15.0
IMC,Landing,None,2,0,0,2,73,Engine Failure,73.0,High,Runway Change,21.4
VMC,Cruise,None,2,0,2,3,84,Medical Emergency,40.5,Medium,Continue Monitoring,12.4
Windy,Climb,Destroyed,2,1,0,2,229,Runway Incursion,100.0,Critical,Priority Landing,24.9
VMC,Landing,None,3,0,0,0,188,Runway Incursion,40.5,Medium,Continue Monitoring,10.0
Rain,Takeoff,Minor,4,0,0,0,62,Engine Failure,77.0,High,Runway Change,23.2
VMC,Climb,None,2,0,0,3,181,Landing Gear Issue,38.5,Medium,Continue Monitoring,15.6
Storm,Cruise,None,4,0,1,1,24,Fuel Low,65.5,High,Holding Pattern,21.1
Storm,Takeoff,Destroyed,3,0,1,2,203,Bird Strike,100.0,Critical,Priority Landing,24.0
Rain,Cruise,Minor,1,0,0,1,71,Fuel Low,66.0,High,Holding Pattern,18.0
IMC,Taxi,None,2,0,2,2,183,Runway Incursion,51.0,Medium,Continue Monitoring,13.9
VMC,Taxi,None,2,0,2,2,133,Fuel Low,46.0,Medium,Continue Monitoring,10.8
Fog,Taxi,Destroyed,2,0,0,1,188,Near Collision,100.0,Critical,Priority Landing,24.5
Rain,Climb,Destroyed,2,0,0,2,100,Bird Strike,100.0,Critical,Priority Landing,26.8
VMC,Takeoff,None,2,0,1,1,142,Engine Failure,60.5,High,Runway Change,14.0
IMC,Landing,Minor,2,0,0,0,228,Engine Failure,82.0,Critical,Priority Landing,21.2
IMC,Cruise,None,2,0,0,3,204,Medical Emergency,45.5,Medium,Continue Monitoring,16.5
Fog,Landing,Minor,2,0,0,0,145,Engine Failure,86.0,Critical,Priority Landing,21.1
Rain,Takeoff,None,4,0,1,1,232,Cabin Pressure Failure,73.5,High,Emergency Descent,17.1
Rain,Landing,Substantial,4,0,0,2,47,Runway Incursion,85.0,Critical,Priority Landing,18.9
Rain,Approach,Substantial,2,0,0,1,181,Cabin Pressure Failure,99.5,Critical,Priority Landing,24.2
VMC,Taxi,None,2,0,1,1,163,Medical Emergency,30.5,Medium,Continue Monitoring,8.2
VMC,Takeoff,Minor,1,0,0,3,79,Bird Strike,63.0,High,Runway Change,17.5
VMC,Cruise,None,2,0,0,1,109,Bird Strike,36.5,Medium,Continue Monitoring,14.1
Fog,Taxi,None,2,0,0,0,113,Engine Failure,59.0,High,Runway Change,18.6
VMC,Cruise,None,2,0,0,1,176,Engine Failure,46.5,Medium,Continue Monitoring,11.4
VMC,Approach,None,4,0,0,0,163,Cabin Pressure Failure,52.0,Medium,Emergency Descent,10.8
VMC,Takeoff,Destroyed,2,0,1,0,200,Fuel Low,97.0,Critical,Priority Landing,22.9
VMC,Landing,None,2,0,0,1,171,Near Collision,65.5,High,Go Around,18.6
IMC,Climb,Substantial,2,0,0,1,246,Fuel Low,86.5,Critical,Priority Landing,27.0
VMC,Approach,None,2,0,0,0,210,Fuel Low,45.0,Medium,Continue Monitoring,13.6
VMC,Taxi,Minor,2,0,0,1,152,Medical Emergency,38.5,Medium,Continue Monitoring,10.1
Fog,Approach,Minor,2,0,0,1,24,Fuel Low,75.5,High,Runway Change,20.8
VMC,Cruise,Substantial,1,0,0,1,104,Engine Failure,78.0,High,Holding Pattern,19.7
VMC,Climb,None,3,0,0,2,49,Engine Failure,50.5,Medium,Continue Monitoring,18.0
VMC,Cruise,None,1,0,1,1,119,Landing Gear Issue,37.0,Medium,Continue Monitoring,14.3
Fog,Taxi,Minor,2,0,0,2,248,Engine Failure,74.0,High,Runway Change,20.9
VMC,Climb,Minor,4,0,1,1,112,Fuel Low,56.5,High,Holding Pattern,16.5
Fog,Approach,Minor,2,0,1,2,207,Medical Emergency,71.0,High,Runway Change,21.9
Windy,Cruise,None,1,0,0,2,123,Medical Emergency,45.5,Medium,Continue Monitoring,15.8
Rain,Climb,None,2,0,1,1,152,Near Collision,74.5,High,Go Around,18.7
VMC,Landing,Substantial,2,0,1,1,26,Near Collision,99.5,Critical,Priority Landing,25.3
Rain,Cruise,Minor,1,1,0,2,178,Cabin Pressure Failure,86.5,Critical,Priority Landing,23.1
IMC,Climb,Minor,1,0,0,2,76,Fuel Low,71.5,High,Holding Pattern,23.9
VMC,Approach,None,1,0,0,0,125,Landing Gear Issue,38.5,Medium,Continue Monitoring,13.9
IMC,Landing,None,2,1,0,1,247,Engine Failure,80.5,Critical,Priority Landing,24.5
VMC,Taxi,Substantial,2,0,1,1,71,Fuel Low,70.5,High,Runway Change,16.5
VMC,Approach,Minor,2,0,1,1,233,Medical Emergency,52.5,Medium,Continue Monitoring,14.5
VMC,Approach,None,4,0,0,1,210,Fuel Low,43.5,Medium,Continue Monitoring,9.7
VMC,Landing,Substantial,1,0,0,5,31,Cabin Pressure Failure,99.0,Critical,Priority Landing,20.5
VMC,Climb,Minor,2,0,0,0,104,Engine Failure,61.0,High,Holding Pattern,13.5
IMC,Climb,None,1,0,0,0,245,Runway Incursion,48.5,Medium,Continue Monitoring,22.2
Windy,Cruise,None,2,0,2,0,124,Bird Strike,56.0,High,Holding Pattern,13.3
VMC,Approach,Minor,2,0,0,4,202,Fuel Low,63.0,High,Runway Change,16.7
Rain,Approach,None,2,0,0,1,231,Cabin Pressure Failure,69.5,High,Emergency Descent,14.8
IMC,Takeoff,Minor,2,0,0,2,20,Landing Gear Issue,68.0,High,Runway Change,18.3
VMC,Landing,Minor,2,0,1,0,188,Cabin Pressure Failure,76.0,High,Emergency Descent,17.3
VMC,Cruise,None,2,1,0,4,230,Cabin Pressure Failure,63.0,High,Emergency Descent,18.9
VMC,Taxi,Substantial,3,1,0,5,152,Bird Strike,77.0,High,Runway Change,19.1
VMC,Landing,None,2,0,3,2,240,Near Collision,79.0,High,Go Around,21.8
VMC,Taxi,None,2,0,0,2,180,Cabin Pressure Failure,48.0,Medium,Emergency Descent,13.4
VMC,Approach,Minor,4,0,0,1,164,Engine Failure,62.5,High,Runway Change,17.0
IMC,Approach,Minor,2,0,1,0,48,Medical Emergency,64.0,High,Runway Change,18.3
VMC,Climb,None,2,0,1,1,201,Landing Gear Issue,39.5,Medium,Continue Monitoring,15.5
VMC,Cruise,Minor,2,0,0,2,216,Runway Incursion,45.0,Medium,Continue Monitoring,15.4
VMC,Taxi,Substantial,2,0,0,0,96,Bird Strike,62.0,High,Runway Change,14.2
IMC,Cruise,Substantial,2,1,0,3,56,Near Collision,100.0,Critical,Priority Landing,28.8
VMC,Takeoff,Substantial,1,0,2,0,151,Fuel Low,87.5,Critical,Priority Landing,19.6
IMC,Climb,None,2,0,0,1,235,Runway Incursion,48.5,Medium,Continue Monitoring,20.1
VMC,Approach,None,2,0,1,1,188,Cabin Pressure Failure,60.5,High,Emergency Descent,15.7
VMC,Approach,Minor,2,0,1,1,206,Fuel Low,62.5,High,Runway Change,14.2
Windy,Taxi,None,2,0,0,2,149,Landing Gear Issue,43.0,Medium,Continue Monitoring,10.3
VMC,Taxi,Substantial,4,0,0,2,116,Bird Strike,62.0,High,Runway Change,16.7
VMC,Approach,None,4,1,0,0,90,Fuel Low,51.0,Medium,Continue Monitoring,9.8
VMC,Approach,None,2,0,0,2,205,Landing Gear Issue,40.0,Medium,Continue Monitoring,10.0
Storm,Landing,None,1,0,1,0,169,Bird Strike,77.5,High,Runway Change,25.1
Rain,Takeoff,None,2,0,0,0,192,Bird Strike,58.0,High,Runway Change,9.0
Rain,Approach,None,2,0,0,1,212,Landing Gear Issue,51.5,Medium,Continue Monitoring,11.9
Storm,Cruise,Minor,2,0,1,1,245,Medical Emergency,70.5,High,Holding Pattern,25.1
VMC,Landing,Minor,2,0,0,2,212,Runway Incursion,57.0,High,Runway Change,11.0
Storm,Landing,None,2,1,1,1,122,Engine Failure,96.5,Critical,Priority Landing,30.6
VMC,Approach,None,2,1,0,1,50,Near Collision,69.5,High,Go Around,11.3
Rain,Approach,Substantial,2,0,0,2,148,Engine Failure,98.0,Critical,Priority Landing,24.5
VMC,Landing,None,3,0,0,2,122,Medical Emergency,41.5,Medium,Continue Monitoring,14.6
VMC,Approach,Minor,2,0,4,2,235,Bird Strike,73.0,High,Runway Change,19.0
Windy,Climb,Minor,2,1,0,0,28,Medical Emergency,66.0,High,Holding Pattern,18.4
VMC,Climb,Minor,2,0,1,1,216,Medical Emergency,49.5,Medium,Continue Monitoring,16.6
Storm,Landing,Substantial,2,0,1,3,165,Landing Gear Issue,100.0,Critical,Priority Landing,24.2
VMC,Approach,Minor,2,0,0,1,36,Near Collision,72.5,High,Go Around,18.7
Rain,Climb,Destroyed,2,0,1,1,75,Engine Failure,100.0,Critical,Priority Landing,22.8
Storm,Taxi,Substantial,2,0,1,1,34,Medical Emergency,85.5,Critical,Priority Landing,22.8
VMC,Taxi,None,2,0,0,3,233,Runway Incursion,31.5,Medium,Continue Monitoring,11.7
Windy,Approach,None,1,0,0,0,168,Medical Emergency,49.5,Medium,Continue Monitoring,10.7
IMC,Climb,None,4,0,1,0,162,Cabin Pressure Failure,66.0,High,Emergency Descent,22.2
Rain,Taxi,None,2,0,1,1,139,Cabin Pressure Failure,63.5,High,Emergency Descent,15.8
VMC,Climb,Minor,2,0,0,1,112,Landing Gear Issue,47.5,Medium,Continue Monitoring,12.9
IMC,Cruise,None,2,0,1,0,59,Near Collision,69.0,High,Go Around,25.7
Rain,Taxi,None,2,0,0,0,188,Cabin Pressure Failure,58.0,High,Emergency Descent,15.1
IMC,Approach,None,2,0,0,1,50,Landing Gear Issue,51.5,Medium,Continue Monitoring,14.2
VMC,Climb,Minor,2,0,1,0,67,Fuel Low,58.0,High,Holding Pattern,17.3
VMC,Takeoff,Minor,2,0,0,1,244,Runway Incursion,53.5,Medium,Continue Monitoring,12.1
Windy,Cruise,Destroyed,4,0,1,2,41,Runway Incursion,92.0,Critical,Priority Landing,22.2
VMC,Landing,None,2,0,0,0,238,Fuel Low,50.0,Medium,Continue Monitoring,13.2
Rain,Landing,None,2,1,0,0,40,Landing Gear Issue,64.0,High,Runway Change,14.1
Storm,Climb,Destroyed,2,0,0,0,131,Fuel Low,100.0,Critical,Priority Landing,30.9
VMC,Takeoff,Minor,2,1,1,2,154,Landing Gear Issue,68.0,High,Runway Change,14.8
VMC,Landing,Minor,2,0,2,1,46,Engine Failure,78.5,High,Runway Change,20.1
Rain,Takeoff,Minor,2,0,0,1,224,Fuel Low,74.5,High,Runway Change,17.3
VMC,Takeoff,None,1,0,1,2,240,Fuel Low,56.5,High,Runway Change,15.9
IMC,Cruise,Substantial,2,1,1,1,71,Fuel Low,95.5,Critical,Priority Landing,27.1
Rain,Approach,Minor,2,1,1,0,70,Medical Emergency,73.0,High,Runway Change,16.1
IMC,Climb,Minor,4,0,1,0,194,Runway Incursion,60.0,High,Holding Pattern,19.5
VMC,Climb,Minor,2,0,0,0,105,Medical Emergency,44.0,Medium,Continue Monitoring,16.1
Rain,Climb,None,2,2,1,0,28,Cabin Pressure Failure,87.0,Critical,Priority Landing,24.5
IMC,Cruise,None,2,0,0,1,192,Engine Failure,59.5,High,Holding Pattern,25.9
VMC,Takeoff,Substantial,2,0,0,1,101,Engine Failure,86.5,Critical,Priority Landing,22.2
IMC,Takeoff,Minor,4,0,2,0,113,Medical Emergency,68.0,High,Runway Change,20.7
Windy,Cruise,None,4,0,0,0,170,Bird Strike,45.0,Medium,Continue Monitoring,14.7
Rain,Takeoff,None,3,1,0,0,152,Engine Failure,75.5,High,Runway Change,18.4
IMC,Climb,Substantial,3,0,0,1,210,Engine Failure,92.0,Critical,Priority Landing,27.5
VMC,Approach,None,2,1,0,0,203,Fuel Low,54.0,Medium,Continue Monitoring,16.6
VMC,Takeoff,None,2,0,0,2,236,Bird Strike,48.0,Medium,Continue Monitoring,14.5
VMC,Approach,Minor,2,0,1,2,231,Bird Strike,61.0,High,Runway Change,13.3
VMC,Approach,Substantial,2,0,0,3,165,Fuel Low,79.5,High,Runway Change,16.9
Storm,Approach,Minor,2,0,1,2,148,Fuel Low,89.0,Critical,Priority Landing,26.8
VMC,Approach,Substantial,2,0,1,3,126,Landing Gear Issue,75.5,High,Runway Change,18.2
Fog,Landing,None,2,0,2,3,172,Near Collision,93.5,Critical,Priority Landing,24.4
VMC,Takeoff,Substantial,2,0,1,0,33,Near Collision,96.0,Critical,Priority Landing,23.7
VMC,Climb,Substantial,2,0,0,3,112,Near Collision,90.5,Critical,Priority Landing,22.5
VMC,Climb,Minor,3,1,1,0,83,Engine Failure,72.5,High,Holding Pattern,19.5
VMC,Landing,Minor,2,1,0,0,147,Medical Emergency,61.0,High,Runway Change,14.1
Fog,Taxi,None,2,1,1,0,232,Cabin Pressure Failure,75.0,High,Emergency Descent,17.6
Storm,Taxi,None,3,0,0,3,130,Landing Gear Issue,55.0,High,Runway Change,19.6
Windy,Approach,None,3,0,0,3,154,Medical Emergency,51.0,Medium,Continue Monitoring,10.8
VMC,Cruise,None,2,2,1,1,112,Fuel Low,61.5,High,Holding Pattern,16.9
Fog,Cruise,Destroyed,2,0,0,0,98,Runway Incursion,92.0,Critical,Priority Landing,26.1
VMC,Takeoff,None,2,0,1,2,176,Bird Strike,52.0,Medium,Continue Monitoring,14.8
Windy,Cruise,Minor,2,0,0,3,77,Landing Gear Issue,59.5,High,Holding Pattern,17.6
IMC,Approach,None,1,1,1,0,222,Fuel Low,72.5,High,Runway Change,21.1
VMC,Climb,None,2,0,0,2,46,Engine Failure,52.0,Medium,Continue Monitoring,13.0
VMC,Landing,None,2,1,0,0,71,Fuel Low,59.0,High,Runway Change,14.4
VMC,Landing,None,1,0,0,0,192,Landing Gear Issue,43.5,Medium,Continue Monitoring,8.9
VMC,Climb,Minor,2,0,1,0,39,Medical Emergency,48.0,Medium,Continue Monitoring,16.3
Windy,Taxi,Destroyed,2,0,0,2,114,Engine Failure,100.0,Critical,Priority Landing,22.7
Fog,Takeoff,None,2,0,0,2,106,Fuel Low,68.0,High,Runway Change,20.2
Storm,Taxi,Destroyed,1,0,0,0,235,Near Collision,100.0,Critical,Priority Landing,30.1
VMC,Landing,Minor,1,0,1,2,56,Engine Failure,77.5,High,Runway Change,19.0
IMC,Climb,Minor,2,0,1,0,124,Landing Gear Issue,63.0,High,Holding Pattern,23.5
VMC,Approach,None,3,0,2,1,125,Runway Incursion,45.0,Medium,Continue Monitoring,12.4
IMC,Climb,None,4,0,0,2,208,Runway Incursion,47.0,Medium,Continue Monitoring,19.1
VMC,Landing,Substantial,2,0,1,2,144,Runway Incursion,79.0,High,Runway Change,20.2
VMC,Takeoff,Minor,2,0,0,0,49,Bird Strike,57.0,High,Runway Change,16.5
IMC,Climb,None,2,0,2,2,220,Runway Incursion,58.0,High,Holding Pattern,18.8
VMC,Climb,Substantial,4,0,1,2,54,Bird Strike,73.0,High,Holding Pattern,22.2
IMC,Climb,None,1,0,1,0,179,Bird Strike,57.5,High,Holding Pattern,22.4
Rain,Climb,Substantial,2,0,1,0,82,Engine Failure,96.0,Critical,Priority Landing,26.2
VMC,Approach,None,2,0,0,2,48,Bird Strike,45.0,Medium,Continue Monitoring,13.0
Windy,Approach,Substantial,2,0,1,0,63,Bird Strike,89.0,Critical,Priority Landing,17.5
IMC,Approach,None,1,0,0,2,237,Landing Gear Issue,54.5,Medium,Continue Monitoring,15.5
Fog,Climb,None,1,0,0,1,244,Engine Failure,69.0,High,Holding Pattern,27.1
Rain,Climb,Minor,2,0,0,0,158,Near Collision,81.0,Critical,Priority Landing,22.1
Rain,Taxi,None,2,0,0,0,205,Engine Failure,55.0,High,Runway Change,11.1
Rain,Climb,Substantial,2,0,1,2,227,Landing Gear Issue,84.0,Critical,Priority Landing,22.8
Windy,Takeoff,Minor,2,1,1,5,100,Cabin Pressure Failure,100.0,Critical,Priority Landing,21.3
Rain,Cruise,None,4,0,2,0,194,Cabin Pressure Failure,66.0,High,Emergency Descent,15.2
VMC,Takeoff,None,2,0,0,1,139,Engine Failure,56.5,High,Runway Change,9.6
VMC,Cruise,Substantial,4,0,1,1,59,Runway Incursion,62.5,High,Holding Pattern,15.0
Rain,Taxi,Minor,1,0,0,2,142,Medical Emergency,54.5,Medium,Continue Monitoring,14.4
VMC,Climb,Substantial,3,1,0,2,30,Bird Strike,79.5,High,Holding Pattern,21.2
VMC,Landing,None,4,0,0,2,159,Near Collision,64.0,High,Go Around,15.0
VMC,Cruise,Substantial,3,1,3,1,79,Landing Gear Issue,81.0,Critical,Priority Landing,22.1
IMC,Cruise,Minor,3,0,1,0,43,Engine Failure,72.5,High,Holding Pattern,25.3
VMC,Approach,Minor,2,0,1,2,182,Bird Strike,61.0,High,Runway Change,10.8
Rain,Approach,None,2,0,0,1,100,Near Collision,73.5,High,Go Around,16.6
Fog,Climb,None,2,1,1,1,122,Engine Failure,80.5,Critical,Priority Landing,23.8
Fog,Climb,Destroyed,2,1,0,1,39,Runway Incursion,100.0,Critical,Priority Landing,26.5
VMC,Taxi,Destroyed,4,0,0,4,38,Cabin Pressure Failure,93.0,Critical,Priority Landing,19.6
IMC,Climb,None,2,0,0,0,231,Cabin Pressure Failure,65.0,High,Emergency Descent,22.5
IMC,Taxi,Substantial,2,0,3,0,157,Fuel Low,90.0,Critical,Priority Landing,23.7
IMC,Cruise,None,4,0,1,1,112,Medical Emergency,43.5,Medium,Continue Monitoring,15.9
Rain,Taxi,None,2,0,0,1,173,Engine Failure,56.5,High,Runway Change,13.2
VMC,Cruise,None,2,0,1,0,187,Near Collision,56.0,High,Go Around,21.1
Storm,Approach,None,2,0,0,1,46,Cabin Pressure Failure,81.5,Critical,Priority Landing,20.6
VMC,Approach,None,2,1,0,1,231,Cabin Pressure Failure,65.5,High,Emergency Descent,12.4
Fog,Cruise,None,4,0,2,0,170,Runway Incursion,52.0,Medium,Continue Monitoring,20.9
IMC,Climb,None,1,0,1,0,91,Cabin Pressure Failure,70.5,High,Emergency Descent,24.9
VMC,Approach,Minor,2,0,0,1,81,Medical Emergency,48.5,Medium,Continue Monitoring,13.7
Rain,Approach,Substantial,2,2,0,2,40,Runway Incursion,100.0,Critical,Priority Landing,19.8
VMC,Climb,Minor,2,0,0,0,78,Landing Gear Issue,46.0,Medium,Continue Monitoring,17.3
Fog,Landing,None,2,0,0,1,97,Runway Incursion,60.5,High,Runway Change,17.3
IMC,Approach,Substantial,4,0,1,2,68,Cabin Pressure Failure,100.0,Critical,Priority Landing,23.7
VMC,Takeoff,None,2,0,0,0,174,Fuel Low,48.0,Medium,Continue Monitoring,11.4
VMC,Taxi,Substantial,2,0,2,2,78,Bird Strike,73.0,High,Runway Change,16.9
Fog,Takeoff,Minor,2,1,0,1,134,Medical Emergency,77.5,High,Runway Change,23.4
VMC,Approach,None,2,0,0,2,148,Runway Incursion,40.0,Medium,Continue Monitoring,12.4
Windy,Cruise,None,2,0,1,0,37,Runway Incursion,47.0,Medium,Continue Monitoring,15.4
Fog,Approach,Substantial,1,1,1,2,58,Bird Strike,100.0,Critical,Priority Landing,27.9
Rain,Landing,Substantial,1,0,0,1,36,Cabin Pressure Failure,100.0,Critical,Priority Landing,22.2
VMC,Landing,Minor,4,0,0,0,178,Near Collision,73.0,High,Go Around,18.9
Rain,Approach,Destroyed,1,0,0,0,180,Near Collision,100.0,Critical,Priority Landing,19.2
Windy,Taxi,Substantial,2,0,0,2,49,Landing Gear Issue,73.0,High,Runway Change,14.0
VMC,Landing,None,2,0,1,0,189,Engine Failure,61.0,High,Runway Change,16.5
VMC,Landing,Minor,1,0,1,1,206,Medical Emergency,59.0,High,Runway Change,11.8
VMC,Cruise,None,2,0,0,2,45,Engine Failure,48.0,Medium,Continue Monitoring,15.0
VMC,Climb,Minor,2,0,0,2,46,Near Collision,71.0,High,Go Around,19.6
Rain,Climb,None,2,1,0,2,202,Cabin Pressure Failure,77.0,High,Emergency Descent,19.9
IMC,Approach,Destroyed,2,0,0,0,90,Medical Emergency,93.0,Critical,Priority Landing,23.8
IMC,Approach,Minor,2,0,0,1,99,Runway Incursion,63.5,High,Runway Change,22.2
VMC,Takeoff,None,2,0,0,2,155,Runway Incursion,43.0,Medium,Continue Monitoring,6.7
VMC,Climb,None,1,0,1,1,35,Fuel Low,49.0,Medium,Continue Monitoring,17.6
VMC,Taxi,None,1,0,0,0,120,Runway Incursion,28.5,Low,Continue Monitoring,13.7
Windy,Landing,Minor,2,0,0,0,96,Landing Gear Issue,67.0,High,Runway Change,16.1
Rain,Landing,Substantial,2,0,0,1,209,Engine Failure,100.0,Critical,Priority Landing,22.0
VMC,Climb,None,4,0,0,1,188,Runway Incursion,32.5,Medium,Continue Monitoring,14.3
Fog,Takeoff,Minor,1,0,0,0,85,Engine Failure,85.5,Critical,Priority Landing,27.0
VMC,Climb,Minor,2,0,0,0,170,Runway Incursion,46.0,Medium,Continue Monitoring,12.9
VMC,Taxi,None,2,0,1,2,112,Near Collision,56.0,High,Go Around,14.3
VMC,Approach,Minor,2,0,0,2,130,Runway Incursion,52.0,Medium,Continue Monitoring,13.0
Storm,Landing,None,2,1,0,0,189,Cabin Pressure Failure,94.0,Critical,Priority Landing,26.0
Rain,Cruise,None,1,0,0,2,84,Fuel Low,55.5,High,Holding Pattern,17.3
Rain,Cruise,None,2,0,0,1,152,Near Collision,66.5,High,Go Around,20.3
VMC,Approach,Substantial,2,0,0,4,116,Fuel Low,81.0,Critical,Priority Landing,17.7
VMC,Taxi,None,2,1,2,1,169,Engine Failure,60.5,High,Runway Change,15.0
Rain,Cruise,None,2,0,0,0,107,Engine Failure,58.0,High,Holding Pattern,16.1
VMC,Approach,Minor,2,0,0,0,235,Runway Incursion,49.0,Medium,Continue Monitoring,11.5
Windy,Taxi,Substantial,2,0,0,3,109,Medical Emergency,72.5,High,Runway Change,16.8
Fog,Cruise,Minor,2,1,1,0,45,Bird Strike,77.0,High,Holding Pattern,24.6
VMC,Taxi,None,2,0,1,1,132,Engine Failure,47.5,Medium,Continue Monitoring,10.2
Rain,Approach,Minor,2,0,0,1,74,Engine Failure,78.5,High,Runway Change,21.3
Storm,Taxi,None,2,0,0,4,124,Runway Incursion,58.0,High,Runway Change,18.2
IMC,Cruise,Minor,2,0,0,0,231,Bird Strike,60.0,High,Holding Pattern,19.0
Rain,Approach,None,2,0,1,1,43,Runway Incursion,55.5,High,Runway Change,16.2
Windy,Climb,None,2,1,0,1,29,Cabin Pressure Failure,75.5,High,Emergency Descent,19.1
VMC,Approach,None,2,0,0,2,86,Bird Strike,45.0,Medium,Continue Monitoring,13.1
Windy,Climb,Minor,2,0,1,2,120,Landing Gear Issue,66.0,High,Holding Pattern,18.8
VMC,Approach,None,2,2,0,2,49,Medical Emergency,56.0,High,Runway Change,14.6
Rain,Landing,None,2,0,0,2,180,Medical Emergency,56.0,High,Runway Change,14.4
Fog,Cruise,Minor,2,0,0,1,158,Near Collision,82.5,Critical,Priority Landing,24.7
Rain,Cruise,Substantial,2,0,0,2,181,Near Collision,98.0,Critical,Priority Landing,24.7
IMC,Climb,None,2,2,0,2,117,Near Collision,90.0,Critical,Priority Landing,31.3
Rain,Landing,Minor,2,0,0,4,234,Cabin Pressure Failure,91.0,Critical,Priority Landing,15.9
VMC,Approach,Minor,2,0,0,0,174,Landing Gear Issue,49.0,Medium,Continue Monitoring,13.0
VMC,Approach,None,2,1,0,0,231,Medical Emergency,44.0,Medium,Continue Monitoring,12.8
VMC,Takeoff,Destroyed,3,1,1,1,40,Bird Strike,100.0,Critical,Priority Landing,19.9
IMC,Takeoff,Substantial,4,1,0,2,173,Bird Strike,97.0,Critical,Priority Landing,22.7
VMC,Takeoff,None,2,0,2,1,99,Bird Strike,54.5,Medium,Continue Monitoring,18.1
VMC,Taxi,None,4,0,1,0,64,Runway Incursion,28.0,Low,Continue Monitoring,8.3
Windy,Taxi,None,4,0,1,1,61,Runway Incursion,42.5,Medium,Continue Monitoring,15.8
VMC,Takeoff,None,2,0,1,0,65,Fuel Low,52.0,Medium,Continue Monitoring,14.4
VMC,Takeoff,Minor,2,1,0,3,41,Engine Failure,80.5,Critical,Priority Landing,18.6
VMC,Landing,Substantial,2,1,1,0,124,Near Collision,100.0,Critical,Priority Landing,23.0
VMC,Approach,Substantial,2,0,0,0,197,Runway Incursion,67.0,High,Runway Change,17.3
Rain,Climb,None,1,1,0,0,126,Engine Failure,72.5,High,Holding Pattern,22.4
VMC,Approach,None,2,2,0,1,50,Bird Strike,61.5,High,Runway Change,15.9
VMC,Climb,None,2,0,0,1,182,Fuel Low,43.5,Medium,Continue Monitoring,15.1
Storm,Climb,Minor,2,0,0,1,60,Medical Emergency,70.5,High,Holding Pattern,24.0
Fog,Cruise,None,2,0,0,0,219,Engine Failure,62.0,High,Holding Pattern,24.9
Rain,Taxi,Substantial,2,0,0,0,104,Cabin Pressure Failure,88.0,Critical,Priority Landing,21.5
Windy,Landing,Substantial,2,0,1,3,20,Medical Emergency,91.5,Critical,Priority Landing,18.5
Windy,Climb,None,2,0,0,2,87,Runway Incursion,50.0,Medium,Continue Monitoring,14.7
VMC,Approach,Minor,2,0,0,4,211,Landing Gear Issue,55.0,High,Runway Change,14.6
Rain,Taxi,Minor,2,1,0,0,231,Engine Failure,76.0,High,Runway Change,16.4
Rain,Taxi,Substantial,2,1,2,0,117,Medical Emergency,85.0,Critical,Priority Landing,18.5
VMC,Landing,Minor,1,0,1,0,247,Runway Incursion,59.5,High,Runway Change,12.8
VMC,Takeoff,None,1,0,1,0,73,Engine Failure,60.5,High,Runway Change,14.4
VMC,Climb,Minor,2,0,1,1,117,Runway Incursion,51.5,Medium,Continue Monitoring,17.1
Rain,Climb,None,2,0,0,3,125,Medical Emergency,49.5,Medium,Continue Monitoring,17.9
Fog,Takeoff,Minor,2,0,1,0,66,Runway Incursion,73.0,High,Runway Change,21.2
Fog,Climb,None,2,0,3,2,108,Cabin Pressure Failure,84.0,Critical,Priority Landing,30.3
VMC,Climb,Minor,4,0,0,1,134,Landing Gear Issue,44.5,Medium,Continue Monitoring,14.9
VMC,Approach,Substantial,2,0,1,2,180,Bird Strike,79.0,High,Runway Change,24.6
IMC,Cruise,None,4,0,0,1,134,Runway Incursion,41.5,Medium,Continue Monitoring,20.5
IMC,Cruise,None,2,0,3,1,43,Cabin Pressure Failure,74.5,High,Emergency Descent,25.4
Windy,Climb,Minor,1,0,0,3,127,Runway Incursion,65.0,High,Holding Pattern,17.7
Windy,Takeoff,None,4,0,1,0,215,Runway Incursion,54.0,Medium,Continue Monitoring,8.1
Windy,Taxi,Minor,4,1,0,1,24,Cabin Pressure Failure,77.5,High,Emergency Descent,17.6
Windy,Approach,Minor,2,0,0,1,249,Medical Emergency,61.5,High,Runway Change,15.4
Storm,Climb,None,2,0,1,2,49,Runway Incursion,66.0,High,Holding Pattern,26.7
IMC,Landing,Substantial,2,0,0,1,22,Cabin Pressure Failure,100.0,Critical,Priority Landing,23.2
VMC,Landing,Minor,2,0,0,0,52,Landing Gear Issue,54.0,Medium,Continue Monitoring,17.5
VMC,Taxi,Minor,2,0,0,1,77,Near Collision,62.5,High,Go Around,14.7
VMC,Takeoff,None,2,0,1,0,100,Near Collision,66.0,High,Go Around,17.3
VMC,Approach,None,2,1,0,0,210,Cabin Pressure Failure,64.0,High,Emergency Descent,10.4
VMC,Taxi,None,1,0,0,2,153,Bird Strike,36.5,Medium,Continue Monitoring,10.8
Storm,Landing,Substantial,1,0,0,4,166,Near Collision,100.0,Critical,Priority Landing,25.3
VMC,Climb,Substantial,2,1,0,0,221,Bird Strike,78.0,High,Holding Pattern,22.4
Storm,Taxi,Substantial,2,0,1,4,50,Cabin Pressure Failure,100.0,Critical,Priority Landing,26.2
Fog,Cruise,None,4,0,0,1,71,Runway Incursion,45.5,Medium,Continue Monitoring,16.9
Rain,Cruise,Minor,2,0,0,2,242,Medical Emergency,56.0,High,Holding Pattern,19.0
Rain,Approach,Substantial,2,1,2,2,197,Landing Gear Issue,100.0,Critical,Priority Landing,23.4
VMC,Landing,Minor,2,0,0,0,33,Bird Strike,59.0,High,Runway Change,15.8
Rain,Takeoff,None,2,0,0,0,72,Bird Strike,58.0,High,Runway Change,16.5
VMC,Approach,Substantial,2,0,2,1,105,Fuel Low,84.5,Critical,Priority Landing,21.4
Windy,Landing,None,2,0,1,1,27,Landing Gear Issue,60.5,High,Runway Change,14.8
VMC,Approach,None,4,1,0,1,154,Cabin Pressure Failure,62.5,High,Emergency Descent,12.5
VMC,Climb,Substantial,4,0,1,1,169,Fuel Low,74.5,High,Holding Pattern,17.6
Rain,Takeoff,Minor,3,0,0,1,97,Landing Gear Issue,65.0,High,Runway Change,18.4
Rain,Approach,None,3,0,0,0,69,Medical Emergency,46.5,Medium,Continue Monitoring,13.8
IMC,Landing,Minor,2,0,0,2,117,Fuel Low,78.0,High,Runway Change,22.2
Rain,Approach,Destroyed,2,0,0,1,231,Landing Gear Issue,96.5,Critical,Priority Landing,20.5
VMC,Taxi,None,2,0,1,0,185,Bird Strike,36.0,Medium,Continue Monitoring,10.5
Rain,Approach,Substantial,2,1,1,4,234,Landing Gear Issue,99.0,Critical,Priority Landing,21.9
VMC,Approach,None,2,0,1,0,147,Engine Failure,56.0,High,Runway Change,13.4
VMC,Takeoff,None,2,1,2,2,44,Cabin Pressure Failure,78.0,High,Emergency Descent,16.6
VMC,Approach,None,1,0,0,1,33,Cabin Pressure Failure,58.0,High,Emergency Descent,18.8
VMC,Climb,Minor,2,0,1,1,64,Landing Gear Issue,51.5,Medium,Continue Monitoring,16.7
VMC,Landing,None,2,0,1,0,139,Landing Gear Issue,46.0,Medium,Continue Monitoring,11.1
IMC,Takeoff,None,1,0,0,1,68,Runway Incursion,56.0,High,Runway Change,15.5
VMC,Taxi,Minor,2,0,0,3,92,Landing Gear Issue,43.5,Medium,Continue Monitoring,10.4
VMC,Climb,Minor,2,0,1,0,229,Runway Incursion,50.0,Medium,Continue Monitoring,17.4
IMC,Cruise,Minor,2,0,1,1,29,Cabin Pressure Failure,78.5,High,Emergency Descent,26.6
VMC,Takeoff,Substantial,1,0,2,2,37,Runway Incursion,82.5,Critical,Priority Landing,18.4
Rain,Climb,None,1,0,1,2,109,Runway Incursion,55.5,High,Holding Pattern,17.1
Windy,Taxi,None,2,0,0,2,192,Medical Emergency,41.0,Medium,Continue Monitoring,10.8
VMC,Climb,Minor,2,0,1,0,209,Landing Gear Issue,50.0,Medium,Continue Monitoring,13.8
Windy,Approach,Minor,3,0,0,2,86,Engine Failure,78.5,High,Runway Change,20.7
VMC,Taxi,None,2,0,2,1,86,Engine Failure,51.5,Medium,Continue Monitoring,14.0
VMC,Approach,None,4,0,1,2,153,Bird Strike,46.0,Medium,Continue Monitoring,17.2
Rain,Takeoff,None,2,0,0,0,219,Cabin Pressure Failure,71.0,High,Emergency Descent,15.3
Fog,Cruise,None,2,0,1,5,60,Engine Failure,73.5,High,Holding Pattern,24.0
Fog,Cruise,Destroyed,4,0,1,0,225,Bird Strike,98.0,Critical,Priority Landing,30.4
VMC,Climb,Minor,1,1,2,2,205,Bird Strike,72.5,High,Holding Pattern,19.6
Fog,Climb,None,2,0,1,1,81,Bird Strike,61.5,High,Holding Pattern,19.3
VMC,Approach,Minor,1,0,0,1,174,Engine Failure,67.0,High,Runway Change,14.2
VMC,Cruise,Minor,2,0,0,1,164,Bird Strike,48.5,Medium,Continue Monitoring,15.9
VMC,Climb,None,2,0,1,0,24,Fuel Low,46.0,Medium,Continue Monitoring,16.0
Storm,Cruise,None,2,0,0,1,112,Runway Incursion,56.5,High,Holding Pattern,21.0
VMC,Cruise,Minor,2,0,0,0,74,Cabin Pressure Failure,60.0,High,Emergency Descent,19.8
Fog,Climb,None,1,1,0,3,35,Fuel Low,74.0,High,Holding Pattern,26.3
Rain,Cruise,Minor,2,0,1,0,127,Bird Strike,64.0,High,Holding Pattern,19.2
Rain,Taxi,Minor,2,0,1,3,181,Cabin Pressure Failure,78.5,High,Emergency Descent,18.2
Rain,Approach,Substantial,2,0,0,2,142,Fuel Low,91.0,Critical,Priority Landing,19.9
Windy,Approach,Destroyed,2,0,0,3,40,Near Collision,100.0,Critical,Priority Landing,23.1
VMC,Taxi,Substantial,4,0,0,2,210,Bird Strike,62.0,High,Runway Change,17.0
VMC,Approach,Minor,1,0,0,1,36,Landing Gear Issue,52.0,Medium,Continue Monitoring,13.5
IMC,Climb,None,2,0,0,0,109,Engine Failure,62.0,High,Holding Pattern,23.1
VMC,Cruise,Minor,2,0,0,2,150,Runway Incursion,45.0,Medium,Continue Monitoring,14.5
VMC,Cruise,Substantial,2,0,1,0,233,Near Collision,86.0,Critical,Priority Landing,19.7
VMC,Cruise,Substantial,2,0,0,0,193,Near Collision,82.0,Critical,Priority Landing,19.8
VMC,Takeoff,Substantial,2,0,0,0,64,Landing Gear Issue,70.0,High,Runway Change,18.1
VMC,Takeoff,None,2,0,1,0,118,Medical Emergency,42.0,Medium,Continue Monitoring,12.5
VMC,Cruise,Minor,3,1,1,0,217,Near Collision,75.5,High,Go Around,23.8
Windy,Taxi,Substantial,2,1,1,1,76,Cabin Pressure Failure,100.0,Critical,Priority Landing,22.1
VMC,Landing,Minor,2,0,0,1,227,Near Collision,77.5,High,Go Around,19.7
Storm,Taxi,Minor,4,0,0,1,142,Cabin Pressure Failure,80.5,Critical,Priority Landing,25.1
Storm,Climb,Minor,4,0,0,0,164,Landing Gear Issue,68.0,High,Holding Pattern,25.2
VMC,Cruise,Minor,4,0,1,1,172,Fuel Low,52.5,Medium,Continue Monitoring,15.2
Rain,Approach,None,2,0,0,1,242,Near Collision,73.5,High,Go Around,16.9
Rain,Cruise,None,4,0,0,2,178,Bird Strike,48.0,Medium,Continue Monitoring,15.9
Rain,Cruise,Substantial,3,0,0,0,114,Engine Failure,86.5,Critical,Priority Landing,20.6
VMC,Cruise,Substantial,2,0,1,2,155,Near Collision,89.0,Critical,Priority Landing,24.0
VMC,Takeoff,Substantial,2,0,2,1,180,Bird Strike,84.5,Critical,Priority Landing,21.3
VMC,Taxi,None,4,0,0,1,157,Engine Failure,40.5,Medium,Continue Monitoring,10.3
Rain,Taxi,None,2,1,0,2,22,Near Collision,74.0,High,Go Around,21.3
Storm,Takeoff,None,2,0,0,2,227,Cabin Pressure Failure,86.0,Critical,Priority Landing,22.9
Rain,Cruise,Substantial,2,0,1,0,83,Near Collision,99.0,Critical,Priority Landing,24.4
Rain,Approach,Minor,2,0,0,1,169,Medical Emergency,61.5,High,Runway Change,14.6
Storm,Landing,Destroyed,2,1,1,3,150,Runway Incursion,100.0,Critical,Priority Landing,24.6
Rain,Taxi,None,2,0,1,1,47,Engine Failure,60.5,High,Runway Change,15.7
VMC,Cruise,Minor,2,0,0,1,221,Bird Strike,48.5,Medium,Continue Monitoring,15.8
Windy,Landing,Substantial,2,0,0,1,39,Medical Emergency,84.5,Critical,Priority Landing,22.5
VMC,Taxi,None,2,0,0,1,239,Landing Gear Issue,28.5,Low,Continue Monitoring,10.3
VMC,Landing,Destroyed,2,0,1,1,232,Near Collision,100.0,Critical,Priority Landing,23.1
IMC,Climb,Minor,3,0,2,3,153,Cabin Pressure Failure,88.0,Critical,Priority Landing,26.4
Windy,Landing,None,2,0,1,1,239,Landing Gear Issue,60.5,High,Runway Change,12.1
VMC,Cruise,None,2,1,0,2,216,Landing Gear Issue,42.0,Medium,Continue Monitoring,14.4
IMC,Takeoff,Substantial,1,0,1,1,226,Engine Failure,100.0,Critical,Priority Landing,24.3
VMC,Landing,Minor,2,0,1,1,203,Cabin Pressure Failure,77.5,High,Emergency Descent,19.9
VMC,Taxi,Substantial,4,0,0,1,233,Landing Gear Issue,55.5,High,Runway Change,13.9
VMC,Cruise,Substantial,2,0,0,3,197,Bird Strike,69.5,High,Holding Pattern,22.8
Rain,Cruise,None,4,0,0,2,222,Bird Strike,48.0,Medium,Continue Monitoring,17.1
Windy,Cruise,Substantial,4,0,0,1,45,Fuel Low,79.5,High,Holding Pattern,23.0
VMC,Takeoff,Substantial,2,0,1,1,118,Landing Gear Issue,75.5,High,Runway Change,18.1
VMC,Taxi,None,2,0,1,1,130,Bird Strike,37.5,Medium,Continue Monitoring,11.2
VMC,Takeoff,Substantial,2,0,0,0,229,Near Collision,92.0,Critical,Priority Landing,21.9
VMC,Approach,None,2,0,0,2,131,Fuel Low,48.0,Medium,Continue Monitoring,14.5
IMC,Takeoff,None,2,0,0,2,121,Near Collision,78.0,High,Go Around,20.6
Rain,Landing,None,2,0,0,0,201,Landing Gear Issue,55.0,High,Runway Change,14.9
Rain,Taxi,Substantial,2,1,0,2,169,Engine Failure,97.0,Critical,Priority Landing,26.7
VMC,Approach,None,2,0,0,0,154,Medical Emergency,35.0,Medium,Continue Monitoring,10.1
IMC,Approach,None,1,1,0,0,230,Cabin Pressure Failure,78.5,High,Emergency Descent,21.6
VMC,Landing,Minor,2,2,0,4,208,Bird Strike,83.0,Critical,Priority Landing,17.6
VMC,Taxi,None,2,1,0,3,183,Near Collision,62.5,High,Go Around,12.4
Windy,Taxi,Substantial,2,0,0,0,239,Fuel Low,78.0,High,Runway Change,20.4
Fog,Climb,Substantial,4,1,0,2,31,Engine Failure,100.0,Critical,Priority Landing,29.1
Windy,Approach,None,2,0,1,1,147,Cabin Pressure Failure,73.5,High,Emergency Descent,17.8
Windy,Landing,None,1,0,0,3,27,Engine Failure,76.0,High,Runway Change,21.4
Rain,Climb,Destroyed,4,0,0,2,202,Bird Strike,97.0,Critical,Priority Landing,29.5
Windy,Landing,None,3,1,0,1,49,Bird Strike,69.0,High,Runway Change,14.6
VMC,Takeoff,None,2,0,2,2,148,Engine Failure,66.0,High,Runway Change,18.0
VMC,Taxi,Destroyed,2,0,0,2,199,Medical Emergency,73.0,High,Runway Change,18.4
VMC,Approach,Substantial,1,0,0,2,163,Runway Incursion,71.5,High,Runway Change,17.7
VMC,Landing,Minor,2,1,0,2,33,Fuel Low,74.0,High,Runway Change,18.3
VMC,Landing,Minor,2,0,1,1,129,Bird Strike,64.5,High,Runway Change,15.6
VMC,Climb,Substantial,2,0,0,2,199,Runway Incursion,67.0,High,Holding Pattern,22.2
Rain,Cruise,Minor,2,0,0,2,240,Landing Gear Issue,58.0,High,Holding Pattern,18.7
Fog,Taxi,Minor,2,0,1,1,226,Fuel Low,69.5,High,Runway Change,21.2
IMC,Takeoff,Substantial,2,0,0,2,208,Engine Failure,100.0,Critical,Priority Landing,28.5
VMC,Landing,Minor,2,0,1,3,90,Runway Incursion,62.5,High,Runway Change,17.0
Rain,Climb,Minor,1,1,1,1,192,Near Collision,97.0,Critical,Priority Landing,25.4
VMC,Approach,None,2,0,2,1,58,Landing Gear Issue,46.5,Medium,Continue Monitoring,13.0
VMC,Approach,Minor,2,0,1,1,95,Near Collision,76.5,High,Go Around,21.3
VMC,Landing,Minor,2,1,0,2,85,Landing Gear Issue,66.0,High,Runway Change,16.9
VMC,Taxi,None,2,0,0,0,131,Bird Strike,32.0,Medium,Continue Monitoring,9.6
VMC,Cruise,None,2,2,0,2,221,Bird Strike,56.0,High,Holding Pattern,15.4
Fog,Climb,Substantial,2,0,0,2,218,Near Collision,100.0,Critical,Priority Landing,28.3
Fog,Cruise,None,4,0,0,1,225,Near Collision,67.5,High,Go Around,21.1
Rain,Approach,None,2,0,2,1,235,Medical Emergency,57.5,High,Runway Change,14.6
VMC,Landing,None,1,0,0,1,26,Medical Emergency,43.0,Medium,Continue Monitoring,12.3
Fog,Landing,None,2,0,0,0,249,Medical Emergency,57.0,High,Runway Change,14.2
Rain,Cruise,Substantial,1,0,0,1,221,Engine Failure,91.0,Critical,Priority Landing,23.4
VMC,Taxi,None,2,0,2,1,188,Landing Gear Issue,36.5,Medium,Continue Monitoring,11.9
Rain,Takeoff,None,2,1,0,1,38,Landing Gear Issue,63.5,High,Runway Change,15.8
IMC,Takeoff,Substantial,4,0,0,1,188,Landing Gear Issue,81.5,Critical,Priority Landing,20.8
VMC,Takeoff,None,2,0,0,2,175,Cabin Pressure Failure,61.0,High,Emergency Descent,17.5
VMC,Taxi,None,2,0,0,1,41,Bird Strike,33.5,Medium,Continue Monitoring,8.6
IMC,Climb,Substantial,2,0,0,1,66,Medical Emergency,76.5,High,Holding Pattern,22.3
VMC,Approach,Minor,2,0,0,4,192,Near Collision,77.0,High,Go Around,15.7
VMC,Landing,Substantial,2,0,0,0,58,Bird Strike,77.0,High,Runway Change,17.8
VMC,Landing,Substantial,2,0,1,0,99,Bird Strike,81.0,Critical,Priority Landing,20.6
Storm,Taxi,Substantial,1,0,0,1,159,Landing Gear Issue,85.0,Critical,Priority Landing,25.6
VMC,Takeoff,None,2,0,0,2,218,Engine Failure,58.0,High,Runway Change,14.9
VMC,Cruise,Substantial,4,0,1,0,85,Cabin Pressure Failure,79.0,High,Emergency Descent,18.8
VMC,Approach,Minor,2,0,1,1,22,Bird Strike,59.5,High,Runway Change,13.4
Windy,Landing,None,4,0,1,1,215,Engine Failure,72.5,High,Runway Change,15.3
IMC,Approach,Substantial,2,0,1,2,234,Near Collision,100.0,Critical,Priority Landing,25.6
Windy,Approach,None,4,0,1,0,216,Bird Strike,56.0,High,Runway Change,10.5
VMC,Climb,Substantial,2,0,0,1,131,Near Collision,87.5,Critical,Priority Landing,23.0
VMC,Takeoff,Minor,1,0,1,4,185,Runway Incursion,63.5,High,Runway Change,16.7
IMC,Cruise,Minor,3,1,0,2,49,Cabin Pressure Failure,83.5,Critical,Priority Landing,25.7
VMC,Climb,None,1,0,0,2,166,Bird Strike,43.5,Medium,Continue Monitoring,15.8
Fog,Approach,Substantial,2,0,2,1,158,Landing Gear Issue,93.5,Critical,Priority Landing,23.0
Windy,Landing,Minor,3,0,2,1,166,Fuel Low,83.0,Critical,Priority Landing,16.0
IMC,Approach,None,2,0,0,1,179,Runway Incursion,51.5,Medium,Continue Monitoring,16.0
Storm,Approach,None,2,0,0,4,224,Bird Strike,73.0,High,Runway Change,23.5
IMC,Takeoff,Substantial,2,0,0,1,199,Bird Strike,89.5,Critical,Priority Landing,26.2
VMC,Approach,None,1,1,0,2,28,Near Collision,72.5,High,Go Around,16.1
IMC,Cruise,Minor,4,0,0,0,181,Bird Strike,57.0,High,Holding Pattern,23.7
VMC,Takeoff,Minor,2,1,1,1,187,Cabin Pressure Failure,84.5,Critical,Priority Landing,18.6
Fog,Climb,None,2,0,0,2,147,Cabin Pressure Failure,72.0,High,Emergency Descent,27.0
VMC,Landing,Minor,2,0,0,2,163,Engine Failure,72.0,High,Runway Change,17.9
VMC,Taxi,None,4,0,0,0,38,Fuel Low,32.0,Medium,Continue Monitoring,8.9
IMC,Approach,Substantial,2,1,1,0,80,Bird Strike,98.0,Critical,Priority Landing,27.2
VMC,Taxi,Substantial,2,0,1,2,218,Engine Failure,79.0,High,Runway Change,16.7
VMC,Climb,None,4,0,0,1,20,Landing Gear Issue,32.5,Medium,Continue Monitoring,11.0
Rain,Climb,Minor,1,0,1,0,246,Engine Failure,79.5,High,Holding Pattern,18.4
VMC,Taxi,Minor,4,0,0,0,71,Runway Incursion,36.0,Medium,Continue Monitoring,11.0
IMC,Climb,Destroyed,1,0,1,2,198,Medical Emergency,98.5,Critical,Priority Landing,28.6
VMC,Approach,None,2,0,0,0,70,Fuel Low,45.0,Medium,Continue Monitoring,11.9
VMC,Climb,Minor,1,0,0,2,27,Cabin Pressure Failure,68.5,High,Emergency Descent,18.5
VMC,Climb,Substantial,4,1,0,0,159,Landing Gear Issue,70.0,High,Holding Pattern,22.5
Fog,Cruise,None,4,1,1,1,193,Near Collision,80.5,Critical,Priority Landing,24.6
Storm,Cruise,Minor,2,0,1,0,39,Engine Failure,86.0,Critical,Priority Landing,25.0
VMC,Taxi,None,2,1,0,2,82,Runway Incursion,39.0,Medium,Continue Monitoring,13.5
Storm,Taxi,Minor,2,0,0,0,90,Runway Incursion,64.0,High,Runway Change,22.4
IMC,Approach,None,2,0,0,0,241,Landing Gear Issue,50.0,Medium,Continue Monitoring,17.7
Rain,Approach,Destroyed,2,2,0,2,91,Bird Strike,100.0,Critical,Priority Landing,18.5
Rain,Takeoff,None,1,0,2,1,34,Runway Incursion,64.0,High,Runway Change,14.3
Rain,Climb,None,2,1,0,2,246,Fuel Low,67.0,High,Holding Pattern,20.3
Fog,Takeoff,Substantial,2,0,0,1,41,Fuel Low,96.5,Critical,Priority Landing,25.4
IMC,Taxi,Substantial,4,0,0,1,132,Near Collision,90.5,Critical,Priority Landing,27.4
IMC,Climb,Minor,2,0,0,1,61,Cabin Pressure Failure,78.5,High,Emergency Descent,22.4
VMC,Cruise,Minor,2,1,0,1,78,Bird Strike,57.5,High,Holding Pattern,18.7
VMC,Taxi,None,2,0,0,1,193,Bird Strike,33.5,Medium,Continue Monitoring,8.8
Rain,Landing,Minor,2,0,0,0,51,Near Collision,89.0,Critical,Priority Landing,22.7
VMC,Approach,None,2,0,0,1,169,Landing Gear Issue,38.5,Medium,Continue Monitoring,10.8
VMC,Takeoff,None,2,1,0,1,150,Bird Strike,55.5,High,Runway Change,16.1
VMC,Approach,Substantial,2,0,0,1,187,Cabin Pressure Failure,86.5,Critical,Priority Landing,18.3
VMC,Approach,Minor,2,0,0,0,56,Fuel Low,57.0,High,Runway Change,11.4
Rain,Climb,None,4,0,0,0,101,Bird Strike,49.0,Medium,Continue Monitoring,13.6
Rain,Landing,None,2,1,0,1,20,Runway Incursion,65.5,High,Runway Change,14.6
VMC,Taxi,Substantial,2,0,1,3,222,Near Collision,87.5,Critical,Priority Landing,17.7
VMC,Climb,None,2,1,0,1,247,Medical Emergency,42.5,Medium,Continue Monitoring,17.1
VMC,Climb,None,2,0,0,1,122,Medical Emergency,33.5,Medium,Continue Monitoring,15.7
VMC,Climb,None,1,0,0,3,141,Medical Emergency,38.0,Medium,Continue Monitoring,14.4
Rain,Taxi,None,3,1,0,2,50,Landing Gear Issue,50.5,Medium,Continue Monitoring,11.0
IMC,Takeoff,None,4,0,2,3,221,Landing Gear Issue,62.5,High,Runway Change,19.0
IMC,Taxi,Destroyed,1,0,0,0,196,Engine Failure,100.0,Critical,Priority Landing,24.6
IMC,Landing,None,1,0,1,0,46,Runway Incursion,60.5,High,Runway Change,21.8
Storm,Cruise,Minor,2,0,0,0,141,Fuel Low,75.0,High,Holding Pattern,25.1
Fog,Approach,Minor,2,0,1,1,59,Near Collision,93.5,Critical,Priority Landing,25.8
IMC,Taxi,Minor,2,0,0,2,156,Landing Gear Issue,55.0,High,Runway Change,17.1
IMC,Landing,Minor,2,0,0,1,171,Medical Emergency,66.5,High,Runway Change,15.9
VMC,Climb,Minor,2,0,0,0,108,Medical Emergency,44.0,Medium,Continue Monitoring,13.4
Windy,Takeoff,Minor,2,0,1,1,121,Near Collision,92.5,Critical,Priority Landing,18.4
VMC,Approach,Minor,1,0,0,0,183,Fuel Low,58.5,High,Runway Change,15.3
VMC,Takeoff,Substantial,1,0,0,2,55,Fuel Low,82.5,Critical,Priority Landing,19.0
Storm,Takeoff,Minor,2,0,0,1,28,Cabin Pressure Failure,96.5,Critical,Priority Landing,23.8
Rain,Taxi,Substantial,4,1,0,1,115,Bird Strike,82.5,Critical,Priority Landing,18.1
VMC,Cruise,None,2,1,0,0,132,Near Collision,61.0,High,Go Around,21.1
VMC,Approach,Minor,2,0,0,1,85,Bird Strike,55.5,High,Runway Change,12.1
VMC,Climb,Minor,4,0,0,0,118,Engine Failure,58.0,High,Holding Pattern,15.6
IMC,Takeoff,None,2,0,1,3,43,Engine Failure,76.5,High,Runway Change,21.3
VMC,Takeoff,Substantial,2,0,1,1,191,Fuel Low,83.5,Critical,Priority Landing,17.6
Windy,Cruise,None,1,0,0,1,196,Engine Failure,61.0,High,Holding Pattern,17.1
Windy,Takeoff,None,2,0,2,2,81,Fuel Low,72.0,High,Runway Change,18.0
IMC,Cruise,Substantial,2,0,0,0,169,Medical Emergency,71.0,High,Holding Pattern,27.2
Rain,Climb,None,2,0,1,0,73,Bird Strike,56.0,High,Holding Pattern,13.5
VMC,Approach,None,2,1,0,1,110,Cabin Pressure Failure,65.5,High,Emergency Descent,15.8
VMC,Approach,None,2,0,0,1,93,Medical Emergency,36.5,Medium,Continue Monitoring,10.7
Rain,Climb,Substantial,2,0,1,1,243,Engine Failure,97.5,Critical,Priority Landing,24.4
VMC,Cruise,Minor,4,0,0,0,130,Fuel Low,47.0,Medium,Continue Monitoring,15.1
VMC,Takeoff,Minor,1,1,1,0,165,Engine Failure,81.5,Critical,Priority Landing,18.0
VMC,Climb,Substantial,2,0,1,0,68,Near Collision,90.0,Critical,Priority Landing,25.2
VMC,Taxi,Minor,2,0,1,0,233,Medical Emergency,41.0,Medium,Continue Monitoring,10.4
VMC,Taxi,Substantial,2,0,0,0,177,Cabin Pressure Failure,75.0,High,Emergency Descent,17.2
Rain,Cruise,Substantial,2,2,0,2,44,Bird Strike,99.0,Critical,Priority Landing,24.8
Fog,Taxi,None,1,0,1,3,96,Medical Emergency,52.0,Medium,Continue Monitoring,17.6
Rain,Approach,Destroyed,2,0,0,4,136,Runway Incursion,100.0,Critical,Priority Landing,21.7
Fog,Takeoff,Minor,4,0,0,2,116,Bird Strike,74.0,High,Runway Change,23.3
VMC,Taxi,None,2,0,0,0,204,Landing Gear Issue,27.0,Low,Continue Monitoring,8.8
Fog,Cruise,None,4,0,1,2,148,Medical Emergency,49.0,Medium,Continue Monitoring,20.2
IMC,Approach,Minor,1,0,0,0,148,Bird Strike,68.5,High,Runway Change,20.2
VMC,Approach,None,2,1,1,1,106,Bird Strike,56.5,High,Runway Change,12.2
Windy,Climb,Minor,4,0,0,1,214,Medical Emergency,55.5,High,Holding Pattern,15.3
VMC,Landing,None,4,0,0,0,181,Landing Gear Issue,39.0,Medium,Continue Monitoring,8.9
VMC,Approach,Minor,2,1,0,3,182,Medical Emergency,60.5,High,Runway Change,15.3
VMC,Cruise,None,2,0,1,0,170,Bird Strike,39.0,Medium,Continue Monitoring,12.6
VMC,Climb,Substantial,4,0,0,0,172,Medical Emergency,59.0,High,Holding Pattern,15.5
VMC,Landing,None,2,0,1,4,194,Runway Incursion,52.0,Medium,Continue Monitoring,13.8
IMC,Climb,None,2,0,1,0,73,Landing Gear Issue,51.0,Medium,Continue Monitoring,21.2
Windy,Takeoff,None,2,0,3,1,140,Cabin Pressure Failure,84.5,Critical,Priority Landing,15.7
VMC,Taxi,Minor,1,0,1,2,50,Runway Incursion,47.5,Medium,Continue Monitoring,15.9
IMC,Climb,Minor,2,0,0,1,104,Runway Incursion,60.5,High,Holding Pattern,22.0
VMC,Approach,Minor,2,0,0,2,86,Medical Emergency,50.0,Medium,Continue Monitoring,12.8
Fog,Landing,None,2,0,1,1,66,Landing Gear Issue,64.5,High,Runway Change,21.7
VMC,Taxi,Substantial,2,0,1,4,145,Engine Failure,82.0,Critical,Priority Landing,18.9
VMC,Approach,Minor,2,0,1,0,120,Runway Incursion,53.0,Medium,Continue Monitoring,12.3
IMC,Landing,None,2,0,0,0,124,Cabin Pressure Failure,73.0,High,Emergency Descent,25.5
Rain,Taxi,Substantial,2,1,1,2,220,Cabin Pressure Failure,100.0,Critical,Priority Landing,19.9
Fog,Taxi,Minor,2,0,1,1,103,Landing Gear Issue,61.5,High,Runway Change,18.9
IMC,Takeoff,Minor,1,0,0,2,47,Fuel Low,77.5,High,Runway Change,23.6
Fog,Landing,None,4,0,1,2,201,Bird Strike,68.0,High,Runway Change,18.1
VMC,Climb,None,2,0,4,1,69,Near Collision,73.5,High,Go Around,20.0
VMC,Taxi,Minor,1,0,0,1,243,Near Collision,64.0,High,Go Around,16.3
VMC,Takeoff,None,2,0,1,1,173,Engine Failure,60.5,High,Runway Change,19.7
VMC,Climb,None,2,0,1,0,78,Medical Emergency,36.0,Medium,Continue Monitoring,11.7
VMC,Climb,Destroyed,2,0,1,1,152,Medical Emergency,82.5,Critical,Priority Landing,21.8
IMC,Approach,Minor,2,0,1,2,234,Runway Incursion,69.0,High,Runway Change,21.7
VMC,Takeoff,None,2,0,0,0,230,Runway Incursion,40.0,Medium,Continue Monitoring,11.4
IMC,Takeoff,None,2,0,1,2,111,Bird Strike,65.0,High,Runway Change,17.3
IMC,Approach,Minor,1,0,0,0,26,Cabin Pressure Failure,81.5,Critical,Priority Landing,23.5
Rain,Taxi,None,2,0,0,1,38,Near Collision,63.5,High,Go Around,15.6
Rain,Approach,None,1,0,0,2,222,Fuel Low,62.5,High,Runway Change,16.1
VMC,Cruise,None,2,0,0,2,172,Landing Gear Issue,33.0,Medium,Continue Monitoring,15.2
VMC,Approach,Minor,2,0,0,0,186,Landing Gear Issue,49.0,Medium,Continue Monitoring,14.8
IMC,Approach,Minor,2,0,0,1,185,Bird Strike,68.5,High,Runway Change,21.1
IMC,Cruise,None,2,0,0,0,198,Engine Failure,58.0,High,Holding Pattern,22.1
VMC,Approach,None,2,2,1,0,136,Cabin Pressure Failure,77.0,High,Emergency Descent,15.7
VMC,Takeoff,Minor,2,1,0,0,107,Landing Gear Issue,61.0,High,Runway Change,14.7
Rain,Climb,Minor,2,1,0,0,74,Near Collision,90.0,Critical,Priority Landing,23.6
Rain,Landing,Minor,2,0,0,0,90,Runway Incursion,67.0,High,Runway Change,15.3
VMC,Cruise,None,1,1,1,0,192,Near Collision,66.5,High,Go Around,19.2
VMC,Takeoff,Minor,2,1,1,0,23,Bird Strike,70.0,High,Runway Change,14.9
Windy,Takeoff,Substantial,2,0,1,0,53,Engine Failure,100.0,Critical,Priority Landing,25.1
VMC,Taxi,Minor,2,1,0,1,201,Engine Failure,64.5,High,Runway Change,19.9
Windy,Climb,None,2,1,0,1,169,Landing Gear Issue,57.5,High,Holding Pattern,16.6
VMC,Takeoff,Minor,4,0,1,1,57,Landing Gear Issue,54.5,Medium,Continue Monitoring,14.6
IMC,Landing,None,4,0,0,0,28,Runway Incursion,52.0,Medium,Continue Monitoring,16.9
VMC,Approach,None,3,0,1,1,72,Engine Failure,56.0,High,Runway Change,16.6
VMC,Cruise,None,2,0,0,2,47,Landing Gear Issue,33.0,Medium,Continue Monitoring,13.8
Windy,Taxi,Substantial,2,0,1,0,83,Landing Gear Issue,74.0,High,Runway Change,17.5
IMC,Climb,None,1,0,0,0,211,Runway Incursion,48.5,Medium,Continue Monitoring,19.3
Storm,Approach,Substantial,4,0,0,4,220,Medical Emergency,93.0,Critical,Priority Landing,25.0
VMC,Landing,Minor,2,0,2,0,85,Engine Failure,77.0,High,Runway Change,15.9
Windy,Approach,Minor,2,0,0,1,86,Fuel Low,71.5,High,Runway Change,18.2
Windy,Climb,None,2,0,0,1,210,Bird Strike,53.5,Medium,Continue Monitoring,15.2
IMC,Landing,Minor,3,0,0,0,117,Near Collision,87.5,Critical,Priority Landing,24.8
VMC,Landing,None,4,0,0,0,69,Landing Gear Issue,39.0,Medium,Continue Monitoring,11.3
Rain,Takeoff,Minor,2,0,1,1,191,Medical Emergency,68.5,High,Runway Change,18.5
IMC,Takeoff,None,2,0,1,0,132,Engine Failure,72.0,High,Runway Change,20.9
Windy,Landing,None,2,0,0,0,225,Medical Emergency,53.0,Medium,Continue Monitoring,15.6
VMC,Takeoff,Minor,3,0,1,2,221,Runway Incursion,57.5,High,Runway Change,12.5
VMC,Taxi,None,2,0,0,1,201,Near Collision,50.5,Medium,Go Around,14.3
VMC,Takeoff,None,2,0,0,1,243,Engine Failure,56.5,High,Runway Change,13.7
Rain,Taxi,Destroyed,2,2,0,0,143,Fuel Low,100.0,Critical,Priority Landing,22.4
Storm,Landing,None,4,1,0,0,145,Fuel Low,81.0,Critical,Priority Landing,22.7
VMC,Cruise,None,2,0,0,2,20,Engine Failure,48.0,Medium,Continue Monitoring,17.5
Rain,Climb,None,2,0,1,1,58,Fuel Low,60.5,High,Holding Pattern,13.9
Windy,Cruise,None,1,0,0,1,56,Runway Incursion,46.0,Medium,Continue Monitoring,15.9
VMC,Landing,Minor,2,1,0,3,231,Bird Strike,72.5,High,Runway Change,14.1
VMC,Landing,None,2,1,0,2,78,Cabin Pressure Failure,72.0,High,Emergency Descent,19.4
Rain,Climb,Minor,2,0,0,3,163,Near Collision,85.5,Critical,Priority Landing,18.4
Rain,Approach,Minor,2,0,0,0,115,Near Collision,84.0,Critical,Priority Landing,17.1
VMC,Taxi,None,1,0,0,2,195,Fuel Low,39.5,Medium,Continue Monitoring,7.8
Fog,Climb,Substantial,4,0,0,1,103,Cabin Pressure Failure,97.5,Critical,Priority Landing,31.8
IMC,Landing,Destroyed,3,1,1,2,235,Near Collision,100.0,Critical,Priority Landing,23.4
Windy,Climb,None,2,0,0,2,138,Cabin Pressure Failure,68.0,High,Emergency Descent,19.5
Windy,Taxi,None,2,1,2,1,76,Runway Incursion,58.5,High,Runway Change,13.5
Fog,Climb,None,1,0,0,0,114,Bird Strike,57.5,High,Holding Pattern,17.8
IMC,Climb,None,3,0,1,2,103,Engine Failure,67.5,High,Holding Pattern,22.5
VMC,Cruise,Minor,2,0,1,1,186,Landing Gear Issue,47.5,Medium,Continue Monitoring,16.9
IMC,Cruise,Minor,1,0,0,0,94,Near Collision,78.5,High,Go Around,24.8
VMC,Climb,None,4,0,2,1,32,Medical Emergency,38.5,Medium,Continue Monitoring,15.8
Rain,Approach,None,1,0,0,3,200,Cabin Pressure Failure,74.0,High,Emergency Descent,16.6
VMC,Takeoff,None,2,0,1,1,248,Landing Gear Issue,45.5,Medium,Continue Monitoring,12.2
IMC,Taxi,Destroyed,2,0,0,0,77,Runway Incursion,85.0,Critical,Priority Landing,22.5
VMC,Takeoff,Substantial,2,0,0,5,213,Runway Incursion,77.5,High,Runway Change,18.6
VMC,Cruise,None,1,0,2,1,29,Cabin Pressure Failure,59.0,High,Emergency Descent,21.4
VMC,Taxi,Minor,1,0,1,3,97,Near Collision,71.0,High,Go Around,17.5
Rain,Takeoff,Minor,2,0,0,2,22,Cabin Pressure Failure,86.0,Critical,Priority Landing,19.9
Fog,Takeoff,Minor,4,0,0,1,111,Medical Emergency,65.5,High,Runway Change,18.6
VMC,Landing,Minor,2,0,0,3,160,Near Collision,80.5,Critical,Priority Landing,17.0
Windy,Takeoff,Substantial,2,0,1,2,241,Engine Failure,100.0,Critical,Priority Landing,24.9
Windy,Taxi,None,2,1,0,1,213,Runway Incursion,50.5,Medium,Continue Monitoring,10.9
VMC,Cruise,None,3,0,0,1,235,Fuel Low,38.0,Medium,Continue Monitoring,12.0
Rain,Taxi,Destroyed,2,0,0,2,170,Cabin Pressure Failure,100.0,Critical,Priority Landing,21.8
VMC,Climb,None,2,0,0,2,110,Near Collision,59.0,High,Go Around,16.8
VMC,Takeoff,None,4,0,0,0,228,Fuel Low,45.0,Medium,Continue Monitoring,16.0
IMC,Taxi,Minor,2,0,0,2,33,Fuel Low,63.0,High,Runway Change,14.6
VMC,Landing,Substantial,2,1,1,1,207,Bird Strike,91.5,Critical,Priority Landing,21.2
Windy,Taxi,Minor,4,0,1,0,247,Engine Failure,68.0,High,Runway Change,17.7
Windy,Climb,Substantial,2,0,0,2,25,Landing Gear Issue,80.0,Critical,Priority Landing,19.2
Fog,Cruise,Minor,2,2,1,2,170,Cabin Pressure Failure,100.0,Critical,Priority Landing,27.7
IMC,Approach,None,2,0,0,0,221,Near Collision,72.0,High,Go Around,21.8
IMC,Cruise,Minor,3,2,0,0,179,Bird Strike,76.5,High,Holding Pattern,28.0
Storm,Climb,Substantial,4,1,0,3,244,Runway Incursion,99.5,Critical,Priority Landing,27.1
VMC,Cruise,Substantial,2,0,0,0,83,Fuel Low,68.0,High,Holding Pattern,16.1
VMC,Approach,None,2,0,2,0,166,Medical Emergency,43.0,Medium,Continue Monitoring,13.7
IMC,Takeoff,None,2,0,2,0,208,Cabin Pressure Failure,79.0,High,Emergency Descent,25.3
VMC,Cruise,Substantial,1,0,0,1,36,Near Collision,85.0,Critical,Priority Landing,21.6
VMC,Climb,None,2,0,1,0,148,Engine Failure,53.0,Medium,Continue Monitoring,12.1
VMC,Takeoff,None,1,0,1,0,240,Landing Gear Issue,45.5,Medium,Continue Monitoring,15.1
IMC,Takeoff,Substantial,1,0,0,1,128,Engine Failure,100.0,Critical,Priority Landing,25.6
VMC,Cruise,Minor,2,0,2,0,207,Near Collision,72.0,High,Go Around,22.2
VMC,Takeoff,None,1,0,0,2,190,Bird Strike,49.5,Medium,Continue Monitoring,12.8
VMC,Cruise,None,1,0,0,3,82,Landing Gear Issue,36.0,Medium,Continue Monitoring,12.7
VMC,Approach,None,2,0,1,2,105,Cabin Pressure Failure,62.0,High,Emergency Descent,14.3
Windy,Taxi,Substantial,2,0,0,1,132,Landing Gear Issue,71.5,High,Runway Change,19.8
VMC,Takeoff,Minor,1,0,0,2,118,Landing Gear Issue,56.5,High,Runway Change,17.0
Rain,Cruise,None,1,0,0,0,156,Fuel Low,52.5,Medium,Continue Monitoring,12.2
Fog,Takeoff,None,2,0,1,1,170,Bird Strike,67.5,High,Runway Change,18.3
VMC,Cruise,None,2,1,1,2,115,Engine Failure,61.0,High,Holding Pattern,21.5
Fog,Cruise,None,2,0,1,3,167,Near Collision,77.5,High,Go Around,24.2
Rain,Landing,None,4,0,0,0,171,Engine Failure,67.0,High,Runway Change,13.3
IMC,Cruise,Minor,2,0,0,0,243,Bird Strike,60.0,High,Holding Pattern,21.8
VMC,Taxi,None,2,1,0,1,207,Landing Gear Issue,37.5,Medium,Continue Monitoring,10.5
VMC,Takeoff,None,4,0,0,0,149,Near Collision,59.0,High,Go Around,14.4
Storm,Takeoff,Minor,2,0,1,2,60,Medical Emergency,82.0,Critical,Priority Landing,21.8
Fog,Takeoff,None,2,0,0,1,93,Bird Strike,63.5,High,Runway Change,18.8
Windy,Cruise,None,2,0,1,3,96,Runway Incursion,51.5,Medium,Continue Monitoring,15.4
Windy,Climb,None,2,0,0,0,86,Runway Incursion,47.0,Medium,Continue Monitoring,16.1
VMC,Takeoff,None,2,0,2,1,237,Engine Failure,64.5,High,Runway Change,14.0
Fog,Climb,None,1,0,0,0,142,Near Collision,74.5,High,Go Around,23.8
IMC,Taxi,Minor,2,0,0,3,247,Fuel Low,64.5,High,Runway Change,19.3
Fog,Landing,None,1,0,0,3,47,Near Collision,87.0,Critical,Priority Landing,26.3
VMC,Takeoff,Substantial,2,1,1,2,183,Fuel Low,94.0,Critical,Priority Landing,21.7
VMC,Taxi,Minor,4,0,0,2,155,Engine Failure,54.0,Medium,Continue Monitoring,13.5
Fog,Climb,None,2,0,0,1,195,Runway Incursion,52.5,Medium,Continue Monitoring,21.5
Fog,Cruise,None,1,0,1,3,109,Runway Incursion,57.0,High,Holding Pattern,22.1
Rain,Climb,None,2,1,0,1,139,Near Collision,79.5,High,Go Around,23.5
VMC,Cruise,None,2,0,0,2,100,Bird Strike,38.0,Medium,Continue Monitoring,14.9
VMC,Landing,Minor,4,0,0,0,180,Medical Emergency,49.0,Medium,Continue Monitoring,16.4
Storm,Landing,None,2,0,0,2,64,Cabin Pressure Failure,88.0,Critical,Priority Landing,26.5
VMC,Approach,Substantial,2,0,3,3,171,Runway Incursion,83.5,Critical,Priority Landing,18.9
VMC,Approach,Minor,2,1,1,1,133,Runway Incursion,63.5,High,Runway Change,14.6
IMC,Landing,Minor,2,0,0,1,203,Landing Gear Issue,68.5,High,Runway Change,22.1
VMC,Climb,Substantial,2,1,0,0,28,Near Collision,95.0,Critical,Priority Landing,25.1
IMC,Cruise,Minor,1,0,1,1,61,Landing Gear Issue,62.0,High,Holding Pattern,22.0
VMC,Takeoff,Substantial,2,0,0,2,159,Runway Incursion,73.0,High,Runway Change,14.2
Fog,Landing,Destroyed,1,0,3,1,105,Bird Strike,100.0,Critical,Priority Landing,22.3
Windy,Cruise,None,2,0,2,1,85,Near Collision,74.5,High,Go Around,21.1
Windy,Approach,None,4,0,0,4,234,Engine Failure,68.0,High,Runway Change,17.8
IMC,Approach,None,2,0,2,2,228,Runway Incursion,61.0,High,Runway Change,20.6
VMC,Climb,None,2,0,1,0,41,Bird Strike,43.0,Medium,Continue Monitoring,12.2
Rain,Takeoff,Minor,4,0,1,0,141,Fuel Low,74.0,High,Runway Change,19.4
Fog,Taxi,None,2,1,0,4,173,Cabin Pressure Failure,77.0,High,Emergency Descent,20.8
IMC,Climb,Minor,1,0,0,1,199,Medical Emergency,60.0,High,Holding Pattern,22.6
Rain,Takeoff,Substantial,4,0,0,1,66,Near Collision,100.0,Critical,Priority Landing,22.8
Rain,Climb,None,4,0,0,0,215,Cabin Pressure Failure,62.0,High,Emergency Descent,16.6
Rain,Taxi,Minor,2,0,0,2,170,Near Collision,77.0,High,Go Around,16.7
Rain,Climb,None,2,0,0,0,222,Cabin Pressure Failure,65.0,High,Emergency Descent,14.6
VMC,Taxi,Substantial,4,0,1,1,176,Bird Strike,64.5,High,Runway Change,13.8
IMC,Cruise,Minor,2,1,0,2,220,Near Collision,89.0,Critical,Priority Landing,23.4
IMC,Taxi,None,2,1,0,1,26,Landing Gear Issue,50.5,Medium,Continue Monitoring,18.0
VMC,Approach,Minor,2,0,0,0,71,Cabin Pressure Failure,67.0,High,Emergency Descent,16.2
Windy,Takeoff,None,2,0,0,1,142,Cabin Pressure Failure,72.5,High,Emergency Descent,18.9
Rain,Approach,Minor,3,0,1,0,89,Near Collision,86.5,Critical,Priority Landing,20.3
VMC,Cruise,Minor,4,0,0,4,65,Engine Failure,60.0,High,Holding Pattern,16.5
Fog,Climb,None,2,0,0,1,182,Bird Strike,57.5,High,Holding Pattern,22.0
Rain,Approach,Minor,2,0,0,3,248,Cabin Pressure Failure,84.5,Critical,Priority Landing,18.4
Fog,Takeoff,Substantial,2,1,2,1,143,Medical Emergency,100.0,Critical,Priority Landing,27.2
VMC,Landing,Substantial,2,0,0,0,159,Near Collision,94.0,Critical,Priority Landing,21.6
Windy,Landing,Minor,2,1,0,2,160,Landing Gear Issue,79.0,High,Runway Change,16.2
